CandidateID,Name,Gender,Education,ExperienceYears,Location
C0001,Krishna Reddy,Male,BCA,0,Gurgaon
C0002,Sanya Verma,Male,PhD,6,Jaipur
C0003,Deepak Verma,Male,M.Tech,4,Nagpur
C0004,Deepak Mehta,Male,BCA,0,Delhi
C0005,Rekha Bose,Male,M.Tech,2,Kochi
C0006,Sanya Verma,Male,B.Com,8,Kolkata
C0007,Vivaan Joshi,Female,BA,0,Gurgaon
C0008,Kunal Verma,Female,M.Tech,2,Patna
C0009,Kunal Nair,Female,PhD,7,Surat
C0010,Rina Sharma,Male,PhD,1,Thiruvananthapuram
C0011,Kabir Trivedi,Female,BA,1,Patna
C0012,Manish Patel,Female,B.Com,3,Delhi
C0013,Asha Reddy,Male,M.Tech,8,Nagpur
C0014,Ritu Khan,Female,BCA,2,Surat
C0015,Deepak Sharma,Male,B.Sc,2,Lucknow
C0016,Aarav Patel,Other,BCA,2,Nagpur
C0017,Priyanka Verma,Female,BA,10,Noida
C0018,Kabir Menon,Other,B.Com,10,Nagpur
C0019,Ishaan Bose,Female,B.Tech,7,Bengaluru
C0020,Isha Desai,Male,MBA,5,Lucknow
C0021,Pooja Roy,Female,B.Tech,6,Chennai
C0022,Suraj Khan,Female,B.Sc,8,Delhi
C0023,Shreya Sharma,Female,BCA,1,Delhi
C0024,Kabir Bose,Male,M.Tech,7,Gurgaon
C0025,Kunal Verma,Female,M.Tech,0,Thiruvananthapuram
C0026,Kavya Sharma,Female,B.Com,2,Thiruvananthapuram
C0027,Arjun Gupta,Male,MCA,6,Delhi
C0028,Krishna Saxena,Male,MBA,0,Kolkata
C0029,Siddharth Bose,Male,PhD,3,Jaipur
C0030,Sonal Singh,Female,BCA,1,Thiruvananthapuram
C0031,Krishna Gupta,Male,B.Tech,3,Lucknow
C0032,Ishaan Desai,Male,B.Tech,0,Hyderabad
C0033,Sonal Kumar,Female,PhD,0,Nagpur
C0034,Isha Kumar,Female,PhD,1,Lucknow
C0035,Nisha Shah,Male,MBA,6,Patna
C0036,Vikram Nair,Female,MBA,3,Bhopal
C0037,Aditya Saxena,Male,MCA,4,Patna
C0038,Karan Sharma,Male,MCA,6,Delhi
C0039,Rekha Kumar,Male,PhD,1,Nagpur
C0040,Isha Chopra,Male,BA,4,Bhubaneswar
C0041,Ritu Sharma,Male,BA,1,Jaipur
C0042,Ritu Mehta,Female,B.Com,0,Indore
C0043,Aarav Trivedi,Female,BA,2,Jaipur
C0044,Anil Singh,Female,M.Tech,5,Kochi
C0045,Neha Roy,Male,MCA,5,Kochi
C0046,Deepak Nair,Female,B.Com,3,Bhopal
C0047,Krishna Roy,Male,MBA,11,Hyderabad
C0048,Harsha Bose,Male,MBA,5,Chennai
C0049,Anita Saxena,Female,M.Tech,6,Mumbai
C0050,Sameer Verma,Female,MBA,10,Chennai
C0051,Tanvi Shah,Female,M.Tech,0,Noida
C0052,Ishaan Reddy,Female,M.Tech,0,Noida
C0053,Tanvi Saxena,Female,MBA,9,Jaipur
C0054,Krishna Iyer,Male,BCA,1,Bhubaneswar
C0055,Isha Menon,Female,BA,4,Nagpur
C0056,Sneha Kumar,Female,MCA,7,Indore
C0057,Aditya Desai,Female,MBA,6,Surat
C0058,Aarav Kumar,Female,MCA,9,Delhi
C0059,Anita Joshi,Male,BCA,8,Lucknow
C0060,Shreya Verma,Female,BA,7,Hyderabad
C0061,Karan Verma,Male,B.Com,1,Patna
C0062,Karan Joshi,Male,BA,6,Noida
C0063,Siddharth Saxena,Male,BA,4,Indore
C0064,Kabir Chopra,Male,MCA,0,Patna
C0065,Arjun Bose,Male,BA,8,Chennai
C0066,Krishna Shah,Male,BCA,6,Patna
C0067,Kavya Gupta,Male,MCA,4,Pune
C0068,Vikram Verma,Male,MCA,3,Delhi
C0069,Ritu Sharma,Male,M.Tech,0,Nagpur
C0070,Vivaan Verma,Female,MCA,4,Thiruvananthapuram
C0071,Siddharth Iyer,Male,MBA,5,Jaipur
C0072,Meera Saxena,Male,M.Tech,1,Kolkata
C0073,Tanvi Mehta,Male,PhD,7,Thiruvananthapuram
C0074,Ritu Chopra,Male,B.Sc,0,Bhubaneswar
C0075,Aditya Joshi,Male,B.Sc,0,Kolkata
C0076,Priya Desai,Female,M.Tech,7,Nagpur
C0077,Suraj Sharma,Male,M.Tech,2,Ahmedabad
C0078,Neha Nair,Male,B.Tech,3,Chennai
C0079,Priyanka Singh,Female,M.Tech,1,Delhi
C0080,Meera Bose,Male,B.Com,0,Bhubaneswar
C0081,Isha Sharma,Male,B.Sc,7,Jaipur
C0082,Aditya Singh,Male,BA,1,Thiruvananthapuram
C0083,Karan Bose,Male,B.Com,8,Chennai
C0084,Tanvi Khan,Male,B.Tech,6,Lucknow
C0085,Ishaan Nair,Female,MCA,3,Thiruvananthapuram
C0086,Deepak Gupta,Male,B.Tech,0,Ahmedabad
C0087,Rina Bose,Male,MCA,1,Mumbai
C0088,Krishna Chopra,Male,MCA,0,Ahmedabad
C0089,Vikram Gupta,Female,B.Tech,10,Indore
C0090,Kabir Reddy,Female,PhD,4,Lucknow
C0091,Neha Gupta,Female,B.Tech,7,Indore
C0092,Siddharth Patel,Male,B.Tech,0,Lucknow
C0093,Priyanka Sharma,Female,B.Sc,4,Bhopal
C0094,Rohit Trivedi,Male,B.Sc,7,Indore
C0095,Kabir Nair,Male,B.Sc,2,Pune
C0096,Meera Patel,Male,BA,7,Ahmedabad
C0097,Harsha Chopra,Male,B.Tech,0,Gurgaon
C0098,Vivaan Iyer,Female,M.Tech,0,Hyderabad
C0099,Sanya Gupta,Other,B.Sc,5,Gurgaon
C0100,Priya Khan,Male,MBA,2,Lucknow
C0101,Isha Reddy,Male,MBA,5,Patna
C0102,Harsha Singh,Female,B.Sc,0,Jaipur
C0103,Siddharth Joshi,Male,MCA,6,Bengaluru
C0104,Ananya Singh,Female,BA,11,Bhopal
C0105,Kavya Iyer,Female,B.Com,3,Bhopal
C0106,Aarav Roy,Male,B.Tech,4,Thiruvananthapuram
C0107,Isha Khan,Male,MBA,4,Thiruvananthapuram
C0108,Rahul Bose,Female,B.Sc,0,Bengaluru
C0109,Priya Shah,Male,B.Tech,5,Nagpur
C0110,Karan Joshi,Male,PhD,0,Jaipur
C0111,Vivaan Gupta,Male,MCA,2,Thiruvananthapuram
C0112,Meera Menon,Male,B.Sc,7,Kolkata
C0113,Rahul Verma,Female,B.Sc,1,Kochi
C0114,Anil Nair,Male,BCA,5,Nagpur
C0115,Neha Khan,Female,MCA,7,Delhi
C0116,Ishaan Verma,Female,MBA,4,Bengaluru
C0117,Meera Verma,Male,PhD,0,Chennai
C0118,Krishna Roy,Female,BA,3,Indore
C0119,Sameer Kumar,Female,BCA,9,Thiruvananthapuram
C0120,Sanya Khan,Male,B.Com,0,Kolkata
C0121,Anil Joshi,Male,BCA,3,Gurgaon
C0122,Siddharth Roy,Female,PhD,2,Patna
C0123,Harsha Khan,Other,B.Tech,4,Surat
C0124,Rekha Gupta,Female,B.Sc,6,Kochi
C0125,Vikram Chopra,Male,M.Tech,8,Ahmedabad
C0126,Tanvi Patel,Female,MBA,3,Nagpur
C0127,Divya Shah,Female,M.Tech,6,Pune
C0128,Rahul Verma,Male,B.Sc,5,Bhubaneswar
C0129,Neha Roy,Female,B.Sc,5,Indore
C0130,Arjun Mehta,Female,B.Com,2,Patna
C0131,Sanya Menon,Female,MCA,1,Patna
C0132,Asha Kumar,Male,BCA,0,Gurgaon
C0133,Deepak Menon,Male,B.Sc,1,Mumbai
C0134,Sonal Gupta,Male,B.Tech,4,Kolkata
C0135,Sneha Iyer,Female,BCA,6,Hyderabad
C0136,Harsha Mehta,Female,B.Com,4,Bhubaneswar
C0137,Priyanka Sharma,Male,MBA,2,Lucknow
C0138,Priyanka Desai,Male,BCA,9,Bhubaneswar
C0139,Ritu Kumar,Male,BCA,8,Thiruvananthapuram
C0140,Ananya Kumar,Male,B.Tech,2,Chennai
C0141,Aditya Patel,Male,MCA,1,Nagpur
C0142,Harsha Menon,Female,M.Tech,4,Noida
C0143,Aditya Iyer,Male,BA,7,Pune
C0144,Kunal Roy,Female,B.Tech,4,Lucknow
C0145,Isha Reddy,Female,M.Tech,5,Nagpur
C0146,Madhuri Khan,Male,B.Tech,3,Chennai
C0147,Harsha Gupta,Female,B.Tech,5,Indore
C0148,Asha Saxena,Male,BA,8,Delhi
C0149,Karan Iyer,Male,M.Tech,3,Thiruvananthapuram
C0150,Asha Singh,Male,M.Tech,4,Patna
C0151,Sameer Singh,Male,B.Sc,4,Chennai
C0152,Neha Iyer,Male,B.Sc,4,Thiruvananthapuram
C0153,Ishaan Roy,Female,B.Tech,0,Thiruvananthapuram
C0154,Krishna Singh,Female,PhD,0,Bhopal
C0155,Sameer Kumar,Male,B.Sc,0,Jaipur
C0156,Rekha Iyer,Male,BA,4,Bhopal
C0157,Priyanka Kumar,Male,MCA,5,Ahmedabad
C0158,Rina Joshi,Male,BA,2,Lucknow
C0159,Nisha Chopra,Female,B.Tech,8,Indore
C0160,Kunal Gupta,Male,MCA,3,Bhubaneswar
C0161,Harsha Mehta,Female,B.Com,4,Pune
C0162,Tanvi Menon,Female,BA,3,Kochi
C0163,Tanvi Reddy,Male,MBA,4,Delhi
C0164,Ritu Desai,Other,M.Tech,6,Bhopal
C0165,Divya Shah,Female,B.Com,5,Noida
C0166,Krishna Iyer,Female,PhD,1,Kochi
C0167,Suraj Reddy,Female,MBA,8,Hyderabad
C0168,Sonal Mehta,Female,BCA,0,Delhi
C0169,Anil Bose,Female,M.Tech,4,Kochi
C0170,Isha Iyer,Male,B.Com,3,Kolkata
C0171,Madhuri Roy,Male,BA,0,Gurgaon
C0172,Suraj Mehta,Female,MCA,3,Ahmedabad
C0173,Karan Shah,Female,MBA,1,Pune
C0174,Suraj Desai,Male,B.Com,4,Jaipur
C0175,Suraj Iyer,Male,B.Sc,5,Noida
C0176,Aditya Patel,Male,B.Com,8,Kochi
C0177,Shreya Iyer,Male,PhD,4,Patna
C0178,Krishna Trivedi,Female,B.Sc,2,Thiruvananthapuram
C0179,Sneha Mehta,Female,B.Com,2,Kochi
C0180,Isha Shah,Male,BCA,4,Bengaluru
C0181,Suraj Menon,Male,BCA,4,Indore
C0182,Rahul Shah,Male,MCA,8,Ahmedabad
C0183,Ishaan Saxena,Male,MCA,8,Hyderabad
C0184,Sonal Iyer,Male,B.Sc,2,Chennai
C0185,Madhuri Iyer,Female,BA,2,Bhopal
C0186,Nisha Chopra,Female,MCA,0,Indore
C0187,Shreya Khan,Female,MBA,2,Nagpur
C0188,Madhuri Reddy,Male,B.Com,1,Indore
C0189,Meera Nair,Male,B.Sc,2,Thiruvananthapuram
C0190,Priyanka Joshi,Female,B.Sc,5,Hyderabad
C0191,Tanvi Kumar,Female,BCA,4,Nagpur
C0192,Madhuri Singh,Female,B.Tech,3,Kolkata
C0193,Anita Kumar,Male,BA,4,Ahmedabad
C0194,Priya Menon,Male,M.Tech,3,Lucknow
C0195,Priya Mehta,Female,MBA,4,Gurgaon
C0196,Divya Saxena,Male,B.Tech,0,Lucknow
C0197,Neha Desai,Male,B.Com,3,Hyderabad
C0198,Vikram Iyer,Female,M.Tech,3,Pune
C0199,Ishaan Gupta,Female,PhD,2,Noida
C0200,Shreya Patel,Male,MBA,3,Surat
C0201,Neha Bose,Female,BCA,6,Bengaluru
C0202,Nisha Menon,Male,MCA,2,Kolkata
C0203,Rekha Patel,Male,M.Tech,10,Bengaluru
C0204,Tanvi Kumar,Male,B.Tech,6,Noida
C0205,Vivaan Reddy,Male,MBA,3,Hyderabad
C0206,Asha Iyer,Female,B.Com,3,Noida
C0207,Sonal Gupta,Male,MBA,3,Bhopal
C0208,Harsha Menon,Male,BCA,1,Gurgaon
C0209,Rina Gupta,Male,BA,3,Ahmedabad
C0210,Ananya Patel,Male,BCA,4,Gurgaon
C0211,Tanvi Chopra,Female,B.Tech,5,Mumbai
C0212,Vikram Gupta,Male,BCA,5,Noida
C0213,Sanya Saxena,Male,M.Tech,3,Kolkata
C0214,Karan Mehta,Male,B.Sc,0,Delhi
C0215,Priyanka Chopra,Female,PhD,1,Bhubaneswar
C0216,Siddharth Nair,Male,BCA,8,Pune
C0217,Sonal Trivedi,Male,MCA,6,Mumbai
C0218,Sonal Nair,Female,MBA,5,Gurgaon
C0219,Kunal Joshi,Male,BCA,1,Jaipur
C0220,Isha Mehta,Male,M.Tech,4,Noida
C0221,Neha Singh,Female,B.Tech,0,Bengaluru
C0222,Neha Trivedi,Female,B.Tech,2,Indore
C0223,Ritu Kumar,Female,B.Com,3,Pune
C0224,Madhuri Roy,Male,MBA,2,Pune
C0225,Anil Kumar,Male,BA,6,Surat
C0226,Anita Menon,Male,M.Tech,0,Hyderabad
C0227,Tanvi Menon,Female,B.Com,1,Kolkata
C0228,Shreya Verma,Female,BCA,0,Bhubaneswar
C0229,Meera Nair,Male,MCA,0,Noida
C0230,Rahul Trivedi,Male,MCA,4,Thiruvananthapuram
C0231,Isha Shah,Female,BCA,0,Pune
C0232,Aarav Khan,Female,MCA,6,Hyderabad
C0233,Vikram Verma,Female,M.Tech,3,Jaipur
C0234,Meera Bose,Male,B.Sc,4,Nagpur
C0235,Madhuri Bose,Female,B.Com,4,Surat
C0236,Shreya Iyer,Male,M.Tech,2,Nagpur
C0237,Anil Shah,Female,B.Com,7,Thiruvananthapuram
C0238,Deepak Desai,Other,B.Sc,3,Bengaluru
C0239,Asha Sharma,Female,B.Tech,5,Bhopal
C0240,Arjun Iyer,Female,B.Sc,3,Kolkata
C0241,Deepak Nair,Female,MCA,4,Pune
C0242,Vikram Desai,Male,B.Sc,4,Patna
C0243,Meera Menon,Male,B.Com,4,Hyderabad
C0244,Asha Menon,Female,MCA,1,Chennai
C0245,Shreya Singh,Male,M.Tech,5,Delhi
C0246,Sneha Desai,Female,MCA,3,Nagpur
C0247,Isha Mehta,Male,B.Com,5,Delhi
C0248,Pooja Trivedi,Male,MCA,0,Noida
C0249,Aarav Reddy,Male,M.Tech,0,Chennai
C0250,Vikram Saxena,Female,B.Tech,5,Delhi
C0251,Pooja Khan,Female,PhD,9,Patna
C0252,Ritu Mehta,Male,M.Tech,6,Kochi
C0253,Suraj Nair,Female,BA,1,Mumbai
C0254,Arjun Verma,Female,B.Sc,0,Bhubaneswar
C0255,Ritu Nair,Female,PhD,6,Bengaluru
C0256,Harsha Nair,Female,B.Com,3,Kolkata
C0257,Divya Iyer,Female,MBA,5,Gurgaon
C0258,Arjun Desai,Male,B.Sc,4,Gurgaon
C0259,Priyanka Khan,Male,BA,4,Jaipur
C0260,Priya Gupta,Male,B.Com,12,Indore
C0261,Kabir Trivedi,Female,PhD,3,Nagpur
C0262,Rina Menon,Female,MBA,3,Hyderabad
C0263,Karan Mehta,Female,BA,3,Jaipur
C0264,Arjun Khan,Male,MCA,2,Kochi
C0265,Ritu Mehta,Female,MBA,6,Jaipur
C0266,Kabir Chopra,Female,MBA,2,Nagpur
C0267,Anil Chopra,Female,PhD,5,Chennai
C0268,Ishaan Gupta,Male,BCA,4,Kolkata
C0269,Tanvi Singh,Female,MBA,7,Kolkata
C0270,Vikram Khan,Male,MBA,5,Jaipur
C0271,Isha Kumar,Female,BCA,0,Ahmedabad
C0272,Ananya Mehta,Female,B.Tech,0,Patna
C0273,Ritu Patel,Male,B.Tech,8,Gurgaon
C0274,Nisha Joshi,Male,PhD,2,Pune
C0275,Tanvi Khan,Male,B.Com,0,Patna
C0276,Madhuri Gupta,Male,MBA,1,Delhi
C0277,Ritu Patel,Female,BCA,7,Kochi
C0278,Rahul Sharma,Male,B.Tech,0,Noida
C0279,Ishaan Roy,Male,MBA,1,Ahmedabad
C0280,Madhuri Verma,Female,MCA,1,Kochi
C0281,Nisha Sharma,Female,M.Tech,0,Ahmedabad
C0282,Sneha Roy,Female,B.Sc,0,Pune
C0283,Tanvi Iyer,Male,PhD,0,Kolkata
C0284,Priya Gupta,Male,PhD,2,Nagpur
C0285,Kabir Saxena,Male,B.Sc,2,Noida
C0286,Tanvi Menon,Female,PhD,1,Patna
C0287,Kavya Iyer,Female,BA,0,Chennai
C0288,Vivaan Trivedi,Male,BCA,7,Indore
C0289,Deepak Saxena,Female,PhD,0,Hyderabad
C0290,Rohit Nair,Female,B.Com,4,Bhubaneswar
C0291,Vivaan Bose,Female,M.Tech,0,Indore
C0292,Asha Chopra,Male,MBA,6,Kolkata
C0293,Priya Mehta,Female,BA,6,Jaipur
C0294,Arjun Nair,Male,B.Tech,1,Pune
C0295,Madhuri Menon,Female,BCA,0,Mumbai
C0296,Rekha Menon,Male,MCA,6,Bhopal
C0297,Priya Shah,Female,BCA,9,Lucknow
C0298,Sanya Nair,Male,MCA,5,Patna
C0299,Sonal Nair,Male,BCA,4,Ahmedabad
C0300,Rohit Shah,Male,MBA,6,Nagpur
C0301,Anita Roy,Female,B.Tech,6,Jaipur
C0302,Ritu Roy,Female,M.Tech,1,Surat
C0303,Madhuri Desai,Other,BA,2,Bhopal
C0304,Sneha Iyer,Female,BCA,5,Delhi
C0305,Neha Nair,Female,B.Tech,3,Bengaluru
C0306,Manish Iyer,Female,B.Sc,7,Noida
C0307,Madhuri Patel,Female,MBA,1,Surat
C0308,Rahul Joshi,Female,PhD,6,Bhubaneswar
C0309,Harsha Verma,Male,MBA,5,Bhopal
C0310,Vivaan Khan,Female,M.Tech,3,Delhi
C0311,Anita Khan,Female,B.Tech,7,Nagpur
C0312,Priyanka Trivedi,Male,B.Tech,6,Kolkata
C0313,Siddharth Reddy,Female,PhD,0,Thiruvananthapuram
C0314,Pooja Trivedi,Male,MCA,5,Pune
C0315,Divya Desai,Female,MCA,8,Bengaluru
C0316,Rahul Reddy,Male,BA,3,Mumbai
C0317,Deepak Joshi,Female,B.Tech,3,Pune
C0318,Kunal Gupta,Female,M.Tech,1,Lucknow
C0319,Neha Kumar,Female,M.Tech,3,Indore
C0320,Aditya Singh,Female,B.Com,6,Jaipur
C0321,Anita Nair,Female,M.Tech,1,Noida
C0322,Kunal Joshi,Female,PhD,0,Surat
C0323,Nisha Kumar,Female,M.Tech,2,Thiruvananthapuram
C0324,Kavya Menon,Male,B.Tech,0,Surat
C0325,Suraj Singh,Female,PhD,5,Kolkata
C0326,Kabir Joshi,Female,BA,2,Delhi
C0327,Pooja Joshi,Male,B.Com,0,Bhubaneswar
C0328,Kavya Gupta,Female,M.Tech,2,Delhi
C0329,Meera Patel,Male,B.Sc,3,Thiruvananthapuram
C0330,Krishna Desai,Female,B.Com,5,Patna
C0331,Vikram Verma,Other,PhD,3,Hyderabad
C0332,Rohit Verma,Female,B.Tech,9,Nagpur
C0333,Rahul Singh,Male,B.Tech,2,Nagpur
C0334,Vikram Menon,Female,M.Tech,3,Hyderabad
C0335,Rina Verma,Male,MCA,3,Patna
C0336,Priya Reddy,Female,B.Sc,3,Nagpur
C0337,Arjun Sharma,Female,B.Sc,4,Lucknow
C0338,Sneha Desai,Female,BCA,5,Kochi
C0339,Krishna Verma,Male,B.Com,8,Bengaluru
C0340,Sameer Nair,Male,B.Sc,0,Ahmedabad
C0341,Rekha Verma,Male,PhD,2,Kochi
C0342,Kunal Joshi,Other,B.Com,2,Thiruvananthapuram
C0343,Asha Mehta,Male,BCA,6,Lucknow
C0344,Priyanka Nair,Male,M.Tech,2,Kolkata
C0345,Kavya Singh,Female,BCA,0,Delhi
C0346,Tanvi Saxena,Male,M.Tech,4,Jaipur
C0347,Asha Shah,Female,PhD,3,Jaipur
C0348,Vivaan Iyer,Male,BCA,4,Kochi
C0349,Sonal Joshi,Male,M.Tech,0,Patna
C0350,Kunal Mehta,Female,M.Tech,9,Bhopal
C0351,Ananya Reddy,Male,MCA,3,Delhi
C0352,Meera Chopra,Male,BCA,3,Mumbai
C0353,Kunal Iyer,Male,M.Tech,1,Mumbai
C0354,Aarav Desai,Male,B.Sc,1,Bhopal
C0355,Sonal Gupta,Male,MBA,0,Kolkata
C0356,Sanya Gupta,Female,B.Sc,2,Lucknow
C0357,Deepak Saxena,Female,BCA,1,Bhubaneswar
C0358,Madhuri Nair,Female,MBA,10,Gurgaon
C0359,Isha Bose,Male,B.Tech,0,Chennai
C0360,Priya Mehta,Female,B.Tech,0,Noida
C0361,Isha Bose,Female,B.Sc,2,Jaipur
C0362,Shreya Singh,Male,B.Tech,6,Nagpur
C0363,Karan Iyer,Male,PhD,2,Gurgaon
C0364,Neha Patel,Female,BCA,6,Indore
C0365,Tanvi Reddy,Female,B.Tech,1,Thiruvananthapuram
C0366,Siddharth Verma,Male,MBA,4,Thiruvananthapuram
C0367,Rahul Kumar,Male,B.Com,9,Kolkata
C0368,Rahul Trivedi,Male,MCA,1,Thiruvananthapuram
C0369,Ishaan Saxena,Male,PhD,5,Nagpur
C0370,Sonal Patel,Male,M.Tech,4,Patna
C0371,Vikram Verma,Female,M.Tech,0,Bengaluru
C0372,Rohit Desai,Male,B.Tech,2,Delhi
C0373,Isha Nair,Male,BA,7,Hyderabad
C0374,Sanya Mehta,Female,PhD,4,Mumbai
C0375,Aarav Trivedi,Female,B.Com,0,Hyderabad
C0376,Priya Bose,Female,MCA,6,Indore
C0377,Karan Menon,Male,B.Tech,2,Delhi
C0378,Kunal Patel,Female,MCA,5,Delhi
C0379,Divya Bose,Female,M.Tech,5,Jaipur
C0380,Suraj Verma,Male,B.Tech,0,Patna
C0381,Pooja Shah,Female,BA,6,Gurgaon
C0382,Aditya Menon,Female,PhD,0,Jaipur
C0383,Sameer Sharma,Male,MCA,0,Kochi
C0384,Anita Chopra,Male,B.Com,1,Bengaluru
C0385,Manish Sharma,Female,BA,2,Bengaluru
C0386,Kunal Desai,Female,B.Com,4,Thiruvananthapuram
C0387,Ritu Shah,Female,M.Tech,1,Indore
C0388,Kunal Chopra,Female,M.Tech,6,Lucknow
C0389,Suraj Joshi,Female,M.Tech,4,Nagpur
C0390,Rina Saxena,Male,BCA,1,Pune
C0391,Divya Iyer,Female,B.Tech,6,Hyderabad
C0392,Rina Singh,Female,BA,7,Gurgaon
C0393,Ananya Joshi,Male,B.Sc,3,Gurgaon
C0394,Suraj Iyer,Female,MBA,3,Lucknow
C0395,Aarav Menon,Male,B.Sc,0,Nagpur
C0396,Kavya Gupta,Female,B.Tech,2,Mumbai
C0397,Suraj Roy,Female,PhD,3,Indore
C0398,Pooja Iyer,Female,MCA,4,Gurgaon
C0399,Kunal Khan,Female,B.Tech,3,Bengaluru
C0400,Kunal Trivedi,Male,B.Sc,4,Surat
C0401,Ishaan Trivedi,Male,M.Tech,8,Noida
C0402,Deepak Khan,Female,MBA,2,Indore
C0403,Shreya Roy,Female,MCA,2,Gurgaon
C0404,Rohit Singh,Male,MBA,0,Gurgaon
C0405,Rekha Joshi,Male,B.Sc,3,Kolkata
C0406,Kunal Singh,Female,B.Com,6,Mumbai
C0407,Anil Bose,Male,B.Sc,0,Noida
C0408,Kunal Bose,Male,MCA,2,Surat
C0409,Siddharth Patel,Male,PhD,4,Pune
C0410,Sameer Desai,Male,BA,6,Noida
C0411,Shreya Patel,Male,B.Sc,5,Bhopal
C0412,Kunal Joshi,Male,BA,4,Patna
C0413,Tanvi Saxena,Male,B.Tech,3,Kochi
C0414,Sonal Trivedi,Female,BA,5,Surat
C0415,Priya Kumar,Male,MBA,7,Mumbai
C0416,Krishna Sharma,Female,B.Sc,0,Ahmedabad
C0417,Vikram Nair,Female,B.Sc,6,Kolkata
C0418,Rekha Saxena,Male,MCA,3,Kochi
C0419,Ananya Desai,Male,B.Sc,2,Chennai
C0420,Neha Desai,Female,B.Sc,0,Delhi
C0421,Nisha Verma,Female,B.Com,0,Bengaluru
C0422,Pooja Singh,Male,B.Sc,9,Ahmedabad
C0423,Asha Khan,Male,M.Tech,1,Bhopal
C0424,Tanvi Trivedi,Male,MCA,0,Delhi
C0425,Siddharth Singh,Female,MCA,2,Ahmedabad
C0426,Arjun Gupta,Female,B.Tech,1,Thiruvananthapuram
C0427,Sameer Roy,Female,B.Com,4,Thiruvananthapuram
C0428,Siddharth Patel,Male,M.Tech,8,Surat
C0429,Meera Menon,Male,MBA,2,Bhopal
C0430,Rina Kumar,Male,M.Tech,4,Surat
C0431,Pooja Reddy,Male,PhD,0,Hyderabad
C0432,Vikram Singh,Female,B.Tech,8,Kolkata
C0433,Kabir Mehta,Male,M.Tech,4,Surat
C0434,Nisha Menon,Male,BA,0,Gurgaon
C0435,Nisha Desai,Female,M.Tech,6,Bhubaneswar
C0436,Anil Singh,Male,B.Sc,7,Surat
C0437,Nisha Saxena,Female,B.Tech,4,Surat
C0438,Rohit Mehta,Male,BCA,0,Delhi
C0439,Kunal Sharma,Female,PhD,9,Nagpur
C0440,Ishaan Kumar,Female,MBA,4,Nagpur
C0441,Krishna Kumar,Male,M.Tech,7,Bengaluru
C0442,Manish Reddy,Female,M.Tech,2,Pune
C0443,Asha Verma,Female,MBA,2,Indore
C0444,Sneha Gupta,Male,B.Sc,4,Thiruvananthapuram
C0445,Kunal Saxena,Female,M.Tech,7,Hyderabad
C0446,Vikram Shah,Female,BA,4,Indore
C0447,Aarav Shah,Female,MCA,0,Surat
C0448,Shreya Desai,Male,B.Com,4,Kochi
C0449,Arjun Joshi,Male,PhD,8,Jaipur
C0450,Manish Mehta,Male,B.Com,4,Noida
C0451,Pooja Singh,Female,M.Tech,4,Patna
C0452,Arjun Verma,Female,MBA,0,Indore
C0453,Aarav Khan,Female,B.Com,0,Bhopal
C0454,Rahul Bose,Male,B.Com,2,Nagpur
C0455,Neha Verma,Male,PhD,3,Ahmedabad
C0456,Aarav Gupta,Male,B.Tech,4,Thiruvananthapuram
C0457,Nisha Joshi,Male,BCA,4,Lucknow
C0458,Meera Shah,Male,MCA,8,Indore
C0459,Sonal Trivedi,Female,PhD,4,Mumbai
C0460,Divya Kumar,Female,B.Tech,7,Thiruvananthapuram
C0461,Priya Menon,Female,MCA,3,Bhopal
C0462,Harsha Mehta,Male,MBA,8,Kochi
C0463,Pooja Iyer,Female,MBA,0,Jaipur
C0464,Pooja Iyer,Female,MBA,2,Noida
C0465,Vivaan Desai,Male,MCA,6,Bhubaneswar
C0466,Sanya Sharma,Female,MBA,3,Patna
C0467,Deepak Roy,Male,PhD,6,Mumbai
C0468,Isha Mehta,Male,B.Com,5,Bengaluru
C0469,Priyanka Gupta,Male,B.Com,6,Surat
C0470,Deepak Mehta,Male,B.Sc,5,Patna
C0471,Siddharth Verma,Male,BA,6,Chennai
C0472,Rekha Joshi,Other,B.Com,8,Gurgaon
C0473,Rahul Mehta,Female,BCA,6,Bhubaneswar
C0474,Meera Chopra,Female,B.Tech,6,Bhubaneswar
C0475,Neha Shah,Male,B.Tech,4,Gurgaon
C0476,Priyanka Saxena,Female,B.Tech,2,Thiruvananthapuram
C0477,Rohit Mehta,Male,B.Com,2,Chennai
C0478,Priyanka Gupta,Female,BCA,6,Surat
C0479,Siddharth Patel,Male,M.Tech,0,Kochi
C0480,Sanya Nair,Female,M.Tech,0,Hyderabad
C0481,Isha Shah,Female,MBA,1,Kochi
C0482,Meera Roy,Female,B.Sc,3,Kochi
C0483,Isha Gupta,Female,BA,0,Delhi
C0484,Tanvi Sharma,Male,MCA,7,Chennai
C0485,Ritu Verma,Female,MBA,5,Delhi
C0486,Vikram Saxena,Male,BA,9,Kolkata
C0487,Divya Saxena,Female,BCA,7,Pune
C0488,Isha Mehta,Male,MCA,7,Thiruvananthapuram
C0489,Priyanka Joshi,Female,B.Com,10,Bengaluru
C0490,Rohit Singh,Male,B.Com,2,Delhi
C0491,Arjun Verma,Male,B.Com,0,Patna
C0492,Sanya Roy,Male,BA,3,Pune
C0493,Kabir Roy,Female,B.Tech,1,Mumbai
C0494,Vivaan Khan,Male,M.Tech,3,Bhubaneswar
C0495,Isha Iyer,Female,B.Com,0,Bhopal
C0496,Krishna Chopra,Male,PhD,5,Kolkata
C0497,Ishaan Bose,Female,M.Tech,5,Lucknow
C0498,Rekha Sharma,Male,PhD,3,Patna
C0499,Harsha Chopra,Female,BCA,4,Ahmedabad
C0500,Madhuri Gupta,Male,B.Tech,3,Pune
