InterviewID,ApplicationID,Round,InterviewDate,Interviewer,RatingCommunication,RatingProblemSolving,RatingCultureFit,OverallRating
I2001,A1001,Screening,2025-01-08,Interviewer_30,2,4,2,2.7
I2002,A1001,Technical,2025-01-12,Interviewer_4,2,5,2,3.0
I2003,A1001,HR,2025-01-17,Interviewer_3,2,2,4,2.7
I2004,A1002,Technical,2024-07-01,Interviewer_16,4,4,3,3.7
I2005,A1003,Technical,2024-11-23,Interviewer_21,4,5,3,4.0
I2006,A1003,Screening,2024-11-23,Interviewer_3,5,3,5,4.3
I2007,A1004,Screening,2024-03-04,Interviewer_8,2,5,1,2.7
I2008,A1004,Technical,2024-03-01,Interviewer_23,2,2,4,2.7
I2009,A1009,Technical,2025-03-06,Interviewer_6,4,3,4,3.7
I2010,A1009,HR,2025-03-05,Interviewer_19,5,3,3,3.7
I2011,A1023,Screening,2024-03-08,Interviewer_11,4,3,3,3.3
I2012,A1023,HR,2024-03-15,Interviewer_15,5,5,4,4.7
I2013,A1023,Technical,2024-03-11,Interviewer_15,4,4,2,3.3
I2014,A1027,Technical,2024-08-26,Interviewer_11,3,3,3,3.0
I2015,A1027,HR,2024-08-27,Interviewer_9,3,4,3,3.3
I2016,A1028,Screening,2024-02-16,Interviewer_26,3,3,5,3.7
I2017,A1028,HR,2024-02-21,Interviewer_13,3,2,2,2.3
I2018,A1028,Technical,2024-02-22,Interviewer_1,1,3,5,3.0
I2019,A1029,Technical,2025-02-05,Interviewer_20,4,2,1,2.3
I2020,A1031,Screening,2025-05-06,Interviewer_10,2,5,3,3.3
I2021,A1032,Screening,2024-03-11,Interviewer_28,2,4,4,3.3
I2022,A1033,Screening,2024-05-24,Interviewer_27,5,4,1,3.3
I2023,A1033,Technical,2024-05-25,Interviewer_14,3,4,2,3.0
I2024,A1033,HR,2024-05-20,Interviewer_11,4,3,5,4.0
I2025,A1043,Screening,2025-02-13,Interviewer_8,4,5,5,4.7
I2026,A1044,Technical,2024-08-27,Interviewer_22,1,3,2,2.0
I2027,A1044,HR,2024-08-28,Interviewer_30,3,2,4,3.0
I2028,A1050,Screening,2025-07-21,Interviewer_1,4,3,2,3.0
I2029,A1053,Screening,2024-02-13,Interviewer_7,3,4,4,3.7
I2030,A1056,Screening,2025-04-21,Interviewer_18,5,5,2,4.0
I2031,A1056,Technical,2025-04-18,Interviewer_28,4,4,4,4.0
I2032,A1059,Screening,2025-08-20,Interviewer_23,2,4,1,2.3
I2033,A1059,HR,2025-08-27,Interviewer_18,4,2,3,3.0
I2034,A1059,Technical,2025-08-17,Interviewer_3,3,5,4,4.0
I2035,A1061,Technical,2025-08-30,Interviewer_10,3,4,2,3.0
I2036,A1061,HR,2025-09-09,Interviewer_27,2,4,2,2.7
I2037,A1061,Screening,2025-08-31,Interviewer_12,5,4,4,4.3
I2038,A1062,HR,2024-06-23,Interviewer_29,5,5,1,3.7
I2039,A1062,Screening,2024-06-27,Interviewer_19,4,4,2,3.3
I2040,A1071,Technical,2024-09-13,Interviewer_20,3,5,4,4.0
I2041,A1071,Screening,2024-09-16,Interviewer_15,3,5,3,3.7
I2042,A1072,Technical,2025-07-19,Interviewer_29,4,1,3,2.7
I2043,A1077,Screening,2025-08-27,Interviewer_16,2,2,2,2.0
I2044,A1079,Screening,2024-05-21,Interviewer_29,2,2,4,2.7
I2045,A1079,Technical,2024-05-23,Interviewer_28,2,3,5,3.3
I2046,A1082,Screening,2024-10-15,Interviewer_18,4,3,2,3.0
I2047,A1085,Screening,2024-09-01,Interviewer_3,4,2,1,2.3
I2048,A1085,Technical,2024-09-11,Interviewer_8,3,5,5,4.3
I2049,A1087,HR,2025-04-26,Interviewer_29,2,4,2,2.7
I2050,A1087,Technical,2025-04-28,Interviewer_2,2,2,2,2.0
I2051,A1088,Screening,2025-08-14,Interviewer_29,4,2,1,2.3
I2052,A1094,HR,2024-02-24,Interviewer_20,4,3,5,4.0
I2053,A1096,HR,2024-06-14,Interviewer_6,5,3,5,4.3
I2054,A1096,Technical,2024-06-07,Interviewer_23,2,1,3,2.0
I2055,A1098,Technical,2024-06-14,Interviewer_15,1,4,1,2.0
I2056,A1098,HR,2024-06-12,Interviewer_23,5,5,2,4.0
I2057,A1100,HR,2025-06-04,Interviewer_9,4,5,1,3.3
I2058,A1101,Technical,2024-07-26,Interviewer_15,1,4,2,2.3
I2059,A1101,HR,2024-07-18,Interviewer_10,3,3,5,3.7
I2060,A1104,Technical,2024-11-15,Interviewer_19,2,4,1,2.3
I2061,A1111,HR,2025-07-25,Interviewer_12,2,4,3,3.0
I2062,A1111,Technical,2025-07-22,Interviewer_10,4,1,2,2.3
I2063,A1111,Screening,2025-07-17,Interviewer_18,4,5,4,4.3
I2064,A1112,Technical,2024-07-30,Interviewer_8,2,3,5,3.3
I2065,A1112,HR,2024-07-23,Interviewer_1,3,3,3,3.0
I2066,A1114,HR,2024-03-17,Interviewer_24,5,3,4,4.0
I2067,A1114,Technical,2024-03-17,Interviewer_17,3,5,4,4.0
I2068,A1114,Screening,2024-03-17,Interviewer_2,2,4,3,3.0
I2069,A1118,HR,2025-02-18,Interviewer_4,4,3,3,3.3
I2070,A1118,Screening,2025-02-20,Interviewer_21,2,4,3,3.0
I2071,A1120,HR,2024-12-12,Interviewer_11,2,3,1,2.0
I2072,A1121,Screening,2024-09-30,Interviewer_26,4,3,2,3.0
I2073,A1124,HR,2025-03-06,Interviewer_15,3,5,3,3.7
I2074,A1124,Screening,2025-03-05,Interviewer_2,4,3,3,3.3
I2075,A1130,Technical,2024-02-14,Interviewer_25,1,1,5,2.3
I2076,A1131,Technical,2024-06-08,Interviewer_15,1,2,3,2.0
I2077,A1131,Screening,2024-06-08,Interviewer_8,4,5,1,3.3
I2078,A1133,Screening,2025-06-21,Interviewer_21,2,5,4,3.7
I2079,A1145,Screening,2024-04-22,Interviewer_7,4,5,1,3.3
I2080,A1145,HR,2024-04-27,Interviewer_3,2,2,4,2.7
I2081,A1149,Technical,2024-10-03,Interviewer_16,1,4,3,2.7
I2082,A1157,Screening,2025-02-01,Interviewer_10,3,5,2,3.3
I2083,A1164,HR,2024-01-24,Interviewer_18,3,2,5,3.3
I2084,A1164,Technical,2024-01-22,Interviewer_11,4,5,2,3.7
I2085,A1164,Screening,2024-01-28,Interviewer_1,5,2,3,3.3
I2086,A1167,HR,2024-08-07,Interviewer_1,4,3,1,2.7
I2087,A1168,Technical,2025-05-30,Interviewer_2,4,3,3,3.3
I2088,A1172,HR,2024-09-01,Interviewer_14,2,2,5,3.0
I2089,A1176,HR,2024-10-30,Interviewer_7,3,5,5,4.3
I2090,A1179,Technical,2024-11-30,Interviewer_21,3,1,2,2.0
I2091,A1179,HR,2024-12-03,Interviewer_25,2,4,5,3.7
I2092,A1187,Technical,2025-07-22,Interviewer_4,4,5,5,4.7
I2093,A1187,HR,2025-07-24,Interviewer_28,4,4,1,3.0
I2094,A1188,HR,2025-01-01,Interviewer_12,2,3,2,2.3
I2095,A1188,Technical,2025-01-02,Interviewer_12,2,3,2,2.3
I2096,A1198,Technical,2025-07-23,Interviewer_26,3,3,1,2.3
I2097,A1201,Screening,2024-02-03,Interviewer_12,5,5,5,5.0
I2098,A1201,Technical,2024-02-04,Interviewer_29,3,1,5,3.0
I2099,A1204,Screening,2024-09-24,Interviewer_3,4,3,5,4.0
I2100,A1204,Technical,2024-09-19,Interviewer_26,4,5,3,4.0
I2101,A1206,HR,2024-09-23,Interviewer_2,2,4,4,3.3
I2102,A1206,Technical,2024-09-23,Interviewer_13,1,3,2,2.0
I2103,A1209,Screening,2024-02-10,Interviewer_11,5,3,5,4.3
I2104,A1209,Technical,2024-02-14,Interviewer_23,3,4,3,3.3
I2105,A1212,Technical,2024-09-30,Interviewer_2,1,4,1,2.0
I2106,A1212,HR,2024-09-27,Interviewer_16,3,4,1,2.7
I2107,A1218,Screening,2024-08-08,Interviewer_29,2,3,2,2.3
I2108,A1219,Screening,2025-04-01,Interviewer_10,4,4,4,4.0
I2109,A1219,HR,2025-04-06,Interviewer_25,2,5,2,3.0
I2110,A1219,Technical,2025-04-05,Interviewer_3,3,1,1,1.7
I2111,A1222,HR,2024-08-27,Interviewer_18,5,4,3,4.0
I2112,A1222,Technical,2024-08-23,Interviewer_25,2,4,1,2.3
I2113,A1225,Screening,2024-05-29,Interviewer_9,4,3,5,4.0
I2114,A1230,Screening,2025-07-12,Interviewer_6,5,5,4,4.7
I2115,A1230,HR,2025-07-12,Interviewer_27,2,2,3,2.3
I2116,A1236,Technical,2024-10-24,Interviewer_21,3,1,2,2.0
I2117,A1236,Screening,2024-10-19,Interviewer_11,5,4,1,3.3
I2118,A1238,Screening,2024-12-17,Interviewer_16,3,4,2,3.0
I2119,A1238,Technical,2024-12-11,Interviewer_10,2,5,4,3.7
I2120,A1238,HR,2024-12-21,Interviewer_30,5,5,1,3.7
I2121,A1239,HR,2024-03-15,Interviewer_5,3,4,4,3.7
I2122,A1239,Technical,2024-03-15,Interviewer_11,4,5,2,3.7
I2123,A1239,Screening,2024-03-11,Interviewer_5,3,4,2,3.0
I2124,A1243,Screening,2024-09-08,Interviewer_16,5,4,2,3.7
I2125,A1243,Technical,2024-09-03,Interviewer_1,2,3,1,2.0
I2126,A1245,Technical,2025-01-15,Interviewer_17,4,3,1,2.7
I2127,A1245,Screening,2025-01-22,Interviewer_26,2,3,2,2.3
I2128,A1248,Screening,2024-02-24,Interviewer_17,3,3,1,2.3
I2129,A1249,HR,2024-10-18,Interviewer_18,4,2,2,2.7
I2130,A1249,Technical,2024-10-19,Interviewer_13,3,1,2,2.0
I2131,A1250,HR,2024-05-05,Interviewer_7,5,5,2,4.0
I2132,A1250,Technical,2024-05-04,Interviewer_1,2,5,1,2.7
I2133,A1252,Screening,2024-10-27,Interviewer_26,5,4,1,3.3
I2134,A1252,Technical,2024-10-31,Interviewer_14,1,5,5,3.7
I2135,A1253,Technical,2024-02-23,Interviewer_9,1,2,1,1.3
I2136,A1256,HR,2025-01-22,Interviewer_4,2,2,5,3.0
I2137,A1258,Screening,2025-07-10,Interviewer_20,4,3,1,2.7
I2138,A1258,HR,2025-07-15,Interviewer_8,5,4,2,3.7
I2139,A1261,Screening,2024-11-20,Interviewer_28,4,4,2,3.3
I2140,A1261,Technical,2024-11-23,Interviewer_20,1,1,1,1.0
I2141,A1270,Screening,2024-07-29,Interviewer_7,5,2,4,3.7
I2142,A1270,Technical,2024-07-30,Interviewer_25,4,5,2,3.7
I2143,A1270,HR,2024-07-31,Interviewer_25,4,4,5,4.3
I2144,A1274,HR,2024-04-03,Interviewer_14,4,2,1,2.3
I2145,A1274,Technical,2024-04-12,Interviewer_5,3,1,4,2.7
I2146,A1281,Technical,2025-01-13,Interviewer_9,4,2,2,2.7
I2147,A1282,Technical,2025-04-16,Interviewer_1,3,5,1,3.0
I2148,A1282,HR,2025-04-11,Interviewer_9,3,3,3,3.0
I2149,A1289,HR,2024-07-03,Interviewer_22,4,2,1,2.3
I2150,A1289,Screening,2024-06-27,Interviewer_16,4,4,2,3.3
I2151,A1290,Screening,2024-04-28,Interviewer_16,3,4,5,4.0
I2152,A1292,HR,2024-11-06,Interviewer_3,2,4,1,2.3
I2153,A1294,Screening,2024-05-05,Interviewer_2,4,4,3,3.7
I2154,A1294,HR,2024-05-11,Interviewer_1,2,5,3,3.3
I2155,A1296,Screening,2024-03-12,Interviewer_7,5,5,2,4.0
I2156,A1298,Technical,2025-04-29,Interviewer_17,1,3,4,2.7
I2157,A1306,Technical,2025-01-02,Interviewer_8,1,5,3,3.0
I2158,A1306,HR,2025-01-03,Interviewer_5,3,4,2,3.0
I2159,A1306,Screening,2025-01-03,Interviewer_30,3,4,4,3.7
I2160,A1311,Screening,2024-04-02,Interviewer_18,2,4,4,3.3
I2161,A1313,Technical,2024-11-16,Interviewer_26,3,2,5,3.3
I2162,A1314,Technical,2025-08-29,Interviewer_28,4,4,5,4.3
I2163,A1314,HR,2025-08-22,Interviewer_28,5,5,5,5.0
I2164,A1316,HR,2024-10-16,Interviewer_8,5,2,4,3.7
I2165,A1318,Screening,2025-05-07,Interviewer_23,4,5,4,4.3
I2166,A1319,Screening,2024-02-27,Interviewer_3,2,5,5,4.0
I2167,A1319,Technical,2024-02-21,Interviewer_16,1,1,2,1.3
I2168,A1321,HR,2025-08-08,Interviewer_20,4,4,5,4.3
I2169,A1321,Technical,2025-08-09,Interviewer_4,1,1,3,1.7
I2170,A1322,Technical,2024-10-11,Interviewer_13,1,4,5,3.3
I2171,A1326,Screening,2024-04-24,Interviewer_4,5,5,3,4.3
I2172,A1326,HR,2024-04-28,Interviewer_30,3,4,2,3.0
I2173,A1329,Screening,2025-07-25,Interviewer_4,3,2,5,3.3
I2174,A1329,HR,2025-07-27,Interviewer_1,3,3,5,3.7
I2175,A1329,Technical,2025-07-26,Interviewer_9,3,5,4,4.0
I2176,A1330,Screening,2024-10-07,Interviewer_13,5,2,2,3.0
I2177,A1332,Screening,2024-07-06,Interviewer_3,3,4,4,3.7
I2178,A1334,HR,2025-07-12,Interviewer_20,5,3,4,4.0
I2179,A1334,Screening,2025-07-12,Interviewer_19,5,4,1,3.3
I2180,A1340,HR,2025-05-19,Interviewer_4,4,4,5,4.3
I2181,A1340,Technical,2025-05-16,Interviewer_13,2,1,5,2.7
I2182,A1341,Technical,2025-06-09,Interviewer_1,1,5,1,2.3
I2183,A1343,Screening,2025-08-16,Interviewer_8,5,5,3,4.3
I2184,A1343,HR,2025-08-16,Interviewer_26,4,2,4,3.3
I2185,A1343,Technical,2025-08-22,Interviewer_5,2,3,1,2.0
I2186,A1344,Technical,2025-04-20,Interviewer_30,2,5,1,2.7
I2187,A1345,HR,2024-05-23,Interviewer_8,5,4,2,3.7
I2188,A1345,Technical,2024-05-25,Interviewer_30,1,3,2,2.0
I2189,A1345,Screening,2024-05-27,Interviewer_20,4,5,1,3.3
I2190,A1348,HR,2025-04-17,Interviewer_12,4,2,1,2.3
I2191,A1349,HR,2024-05-08,Interviewer_7,2,4,5,3.7
I2192,A1349,Screening,2024-05-02,Interviewer_8,5,4,1,3.3
I2193,A1356,HR,2025-04-01,Interviewer_20,5,3,1,3.0
I2194,A1365,HR,2024-05-10,Interviewer_9,4,5,2,3.7
I2195,A1365,Technical,2024-05-16,Interviewer_16,4,2,3,3.0
I2196,A1367,HR,2025-02-13,Interviewer_30,4,2,3,3.0
I2197,A1368,Screening,2024-10-02,Interviewer_18,2,4,1,2.3
I2198,A1368,Technical,2024-10-07,Interviewer_30,4,2,3,3.0
I2199,A1368,HR,2024-09-30,Interviewer_17,2,2,5,3.0
I2200,A1375,Screening,2024-04-28,Interviewer_28,3,4,5,4.0
I2201,A1378,Screening,2024-01-26,Interviewer_8,5,5,4,4.7
I2202,A1378,HR,2024-01-27,Interviewer_10,2,2,4,2.7
I2203,A1378,Technical,2024-01-18,Interviewer_27,4,2,2,2.7
I2204,A1382,Screening,2024-03-26,Interviewer_21,3,4,1,2.7
I2205,A1382,Technical,2024-03-18,Interviewer_18,1,4,2,2.3
I2206,A1384,Technical,2024-12-01,Interviewer_13,1,2,5,2.7
I2207,A1387,Technical,2024-06-30,Interviewer_14,2,1,1,1.3
I2208,A1389,Technical,2024-11-13,Interviewer_5,1,2,1,1.3
I2209,A1389,HR,2024-11-19,Interviewer_13,2,4,5,3.7
I2210,A1395,HR,2024-12-12,Interviewer_10,2,5,4,3.7
I2211,A1395,Technical,2024-12-14,Interviewer_12,4,1,1,2.0
I2212,A1403,Technical,2025-05-03,Interviewer_4,4,2,3,3.0
I2213,A1405,Screening,2024-03-30,Interviewer_13,4,4,1,3.0
I2214,A1406,Technical,2024-06-22,Interviewer_16,3,1,3,2.3
I2215,A1407,HR,2025-04-10,Interviewer_28,2,5,2,3.0
I2216,A1413,Screening,2024-06-06,Interviewer_10,4,3,2,3.0
I2217,A1415,HR,2024-08-13,Interviewer_4,2,3,3,2.7
I2218,A1415,Screening,2024-08-08,Interviewer_4,4,2,2,2.7
I2219,A1415,Technical,2024-08-11,Interviewer_26,3,4,1,2.7
I2220,A1417,Technical,2024-04-06,Interviewer_1,4,3,5,4.0
I2221,A1418,Technical,2024-07-14,Interviewer_24,2,1,5,2.7
I2222,A1418,Screening,2024-07-06,Interviewer_26,3,4,3,3.3
I2223,A1427,Technical,2024-02-05,Interviewer_19,2,5,1,2.7
I2224,A1427,Screening,2024-02-01,Interviewer_8,5,3,4,4.0
I2225,A1427,HR,2024-01-30,Interviewer_2,3,2,1,2.0
I2226,A1428,Technical,2025-05-29,Interviewer_27,1,3,3,2.3
I2227,A1428,HR,2025-05-30,Interviewer_13,2,4,3,3.0
I2228,A1428,Screening,2025-05-25,Interviewer_29,3,5,4,4.0
I2229,A1431,Screening,2024-11-15,Interviewer_23,2,4,5,3.7
I2230,A1431,HR,2024-11-11,Interviewer_29,4,3,5,4.0
I2231,A1433,HR,2025-06-30,Interviewer_9,5,3,3,3.7
I2232,A1433,Screening,2025-06-22,Interviewer_13,2,2,2,2.0
I2233,A1437,HR,2025-05-21,Interviewer_30,3,2,4,3.0
I2234,A1438,Technical,2024-05-02,Interviewer_21,2,4,3,3.0
I2235,A1441,Technical,2025-05-04,Interviewer_17,4,1,4,3.0
I2236,A1441,Screening,2025-05-02,Interviewer_23,4,5,1,3.3
I2237,A1444,HR,2024-03-31,Interviewer_18,5,4,1,3.3
I2238,A1444,Technical,2024-04-07,Interviewer_26,1,4,5,3.3
I2239,A1444,Screening,2024-04-07,Interviewer_11,4,3,4,3.7
I2240,A1446,HR,2024-09-10,Interviewer_29,5,4,1,3.3
I2241,A1446,Screening,2024-09-11,Interviewer_20,2,5,3,3.3
I2242,A1447,HR,2025-07-04,Interviewer_9,2,2,4,2.7
I2243,A1447,Screening,2025-07-04,Interviewer_12,5,3,2,3.3
I2244,A1448,Technical,2025-06-25,Interviewer_18,2,1,1,1.3
I2245,A1455,HR,2025-09-10,Interviewer_25,5,3,3,3.7
I2246,A1457,HR,2025-03-07,Interviewer_3,2,4,2,2.7
I2247,A1457,Screening,2025-03-07,Interviewer_16,4,5,1,3.3
I2248,A1458,HR,2025-01-09,Interviewer_25,3,2,3,2.7
I2249,A1458,Technical,2025-01-07,Interviewer_21,4,2,4,3.3
I2250,A1458,Screening,2025-01-04,Interviewer_19,2,3,3,2.7
I2251,A1467,HR,2025-06-02,Interviewer_8,4,3,3,3.3
I2252,A1468,Screening,2025-07-07,Interviewer_10,5,4,2,3.7
I2253,A1468,Technical,2025-07-07,Interviewer_6,3,2,2,2.3
I2254,A1470,HR,2024-05-24,Interviewer_11,3,5,1,3.0
I2255,A1470,Screening,2024-05-26,Interviewer_15,2,5,5,4.0
I2256,A1474,HR,2024-09-30,Interviewer_28,4,5,1,3.3
I2257,A1474,Screening,2024-09-28,Interviewer_23,4,2,5,3.7
I2258,A1476,HR,2025-06-16,Interviewer_11,3,3,2,2.7
I2259,A1477,Screening,2025-08-25,Interviewer_4,4,2,4,3.3
I2260,A1477,HR,2025-08-22,Interviewer_24,5,3,1,3.0
I2261,A1478,Screening,2025-05-21,Interviewer_23,2,4,5,3.7
I2262,A1478,HR,2025-05-28,Interviewer_10,4,2,4,3.3
I2263,A1481,Technical,2024-12-17,Interviewer_22,3,3,4,3.3
I2264,A1491,HR,2024-01-26,Interviewer_7,5,5,4,4.7
I2265,A1492,HR,2024-07-08,Interviewer_10,5,5,4,4.7
I2266,A1495,Technical,2024-08-26,Interviewer_27,4,3,1,2.7
I2267,A1495,HR,2024-08-24,Interviewer_29,2,4,5,3.7
I2268,A1497,Screening,2025-05-20,Interviewer_29,2,5,4,3.7
I2269,A1500,Technical,2024-07-12,Interviewer_8,3,5,1,3.0
I2270,A1500,Screening,2024-07-19,Interviewer_6,3,4,5,4.0
I2271,A1500,HR,2024-07-18,Interviewer_19,2,3,4,3.0
I2272,A1508,HR,2024-05-04,Interviewer_12,4,2,1,2.3
I2273,A1508,Screening,2024-04-30,Interviewer_24,4,3,2,3.0
I2274,A1511,Screening,2024-07-12,Interviewer_16,5,2,3,3.3
I2275,A1511,Technical,2024-07-15,Interviewer_12,2,4,4,3.3
I2276,A1511,HR,2024-07-09,Interviewer_21,3,2,3,2.7
I2277,A1516,HR,2025-01-30,Interviewer_5,2,3,3,2.7
I2278,A1518,HR,2024-12-11,Interviewer_14,5,2,1,2.7
I2279,A1518,Screening,2024-12-17,Interviewer_15,5,3,5,4.3
I2280,A1528,Screening,2024-07-31,Interviewer_4,2,5,3,3.3
I2281,A1529,HR,2024-02-05,Interviewer_8,3,4,2,3.0
I2282,A1529,Technical,2024-01-29,Interviewer_20,3,3,1,2.3
I2283,A1532,Screening,2024-04-30,Interviewer_2,5,2,4,3.7
I2284,A1532,HR,2024-05-04,Interviewer_8,4,5,2,3.7
I2285,A1537,HR,2024-12-22,Interviewer_7,4,2,2,2.7
I2286,A1540,Screening,2025-06-18,Interviewer_14,3,3,5,3.7
I2287,A1540,HR,2025-06-26,Interviewer_10,2,2,4,2.7
I2288,A1540,Technical,2025-06-21,Interviewer_7,1,1,3,1.7
I2289,A1542,HR,2025-02-04,Interviewer_23,5,4,2,3.7
I2290,A1542,Technical,2025-01-29,Interviewer_12,4,1,2,2.3
I2291,A1545,Technical,2025-01-08,Interviewer_24,1,4,1,2.0
I2292,A1545,Screening,2025-01-06,Interviewer_22,2,2,3,2.3
I2293,A1547,Technical,2024-05-08,Interviewer_10,3,5,4,4.0
I2294,A1548,Screening,2025-01-10,Interviewer_14,3,4,5,4.0
I2295,A1548,Technical,2025-01-05,Interviewer_22,4,4,2,3.3
I2296,A1549,HR,2025-05-26,Interviewer_9,3,2,3,2.7
I2297,A1550,Technical,2024-06-26,Interviewer_18,2,3,3,2.7
I2298,A1550,Screening,2024-06-30,Interviewer_9,3,2,4,3.0
I2299,A1551,Technical,2025-01-17,Interviewer_3,4,4,4,4.0
I2300,A1551,Screening,2025-01-17,Interviewer_17,4,4,5,4.3
I2301,A1551,HR,2025-01-19,Interviewer_15,4,3,4,3.7
I2302,A1553,Technical,2025-06-19,Interviewer_17,3,4,4,3.7
I2303,A1556,HR,2024-10-02,Interviewer_24,5,3,2,3.3
I2304,A1556,Screening,2024-10-04,Interviewer_20,5,4,2,3.7
I2305,A1558,HR,2025-07-14,Interviewer_17,2,4,2,2.7
I2306,A1561,HR,2025-02-10,Interviewer_13,5,4,5,4.7
I2307,A1565,Screening,2024-10-23,Interviewer_8,4,2,2,2.7
I2308,A1565,HR,2024-10-24,Interviewer_26,4,3,4,3.7
I2309,A1565,Technical,2024-10-24,Interviewer_3,3,3,4,3.3
I2310,A1567,Screening,2024-11-01,Interviewer_11,4,2,2,2.7
I2311,A1567,HR,2024-11-11,Interviewer_13,2,3,5,3.3
I2312,A1568,Screening,2025-08-11,Interviewer_19,2,5,1,2.7
I2313,A1568,HR,2025-08-13,Interviewer_13,3,3,2,2.7
I2314,A1576,Technical,2024-04-17,Interviewer_24,1,2,3,2.0
I2315,A1583,HR,2024-06-11,Interviewer_26,5,5,5,5.0
I2316,A1583,Technical,2024-06-17,Interviewer_26,2,5,3,3.3
I2317,A1583,Screening,2024-06-08,Interviewer_25,2,4,1,2.3
I2318,A1588,Technical,2024-05-26,Interviewer_17,1,4,2,2.3
I2319,A1588,HR,2024-05-25,Interviewer_24,2,5,1,2.7
I2320,A1588,Screening,2024-05-30,Interviewer_12,3,3,2,2.7
I2321,A1589,HR,2024-11-27,Interviewer_20,5,4,4,4.3
I2322,A1589,Technical,2024-12-01,Interviewer_15,3,4,2,3.0
I2323,A1589,Screening,2024-11-27,Interviewer_12,2,5,4,3.7
I2324,A1590,Screening,2024-05-31,Interviewer_27,4,3,1,2.7
I2325,A1593,Technical,2025-03-14,Interviewer_17,2,3,4,3.0
I2326,A1594,HR,2025-04-03,Interviewer_19,4,4,2,3.3
I2327,A1595,HR,2024-04-16,Interviewer_28,3,3,4,3.3
I2328,A1597,Screening,2024-03-18,Interviewer_8,2,4,5,3.7
I2329,A1599,Technical,2024-10-26,Interviewer_17,3,5,5,4.3
I2330,A1600,HR,2025-02-16,Interviewer_25,5,3,4,4.0
I2331,A1602,Screening,2025-06-05,Interviewer_14,4,2,4,3.3
I2332,A1603,Technical,2024-04-16,Interviewer_30,2,3,1,2.0
I2333,A1603,Screening,2024-04-17,Interviewer_7,5,4,2,3.7
I2334,A1608,HR,2024-06-22,Interviewer_8,2,4,4,3.3
I2335,A1608,Screening,2024-06-22,Interviewer_12,3,5,1,3.0
I2336,A1609,Screening,2024-05-27,Interviewer_15,2,5,5,4.0
I2337,A1610,HR,2024-10-17,Interviewer_21,4,4,1,3.0
I2338,A1610,Technical,2024-10-18,Interviewer_12,1,5,5,3.7
I2339,A1610,Screening,2024-10-13,Interviewer_22,3,4,1,2.7
I2340,A1617,Screening,2024-07-03,Interviewer_11,2,3,1,2.0
I2341,A1620,Technical,2024-05-21,Interviewer_11,1,1,3,1.7
I2342,A1620,Screening,2024-05-29,Interviewer_6,4,5,5,4.7
I2343,A1621,Screening,2024-03-04,Interviewer_6,2,3,3,2.7
I2344,A1621,Technical,2024-03-13,Interviewer_29,4,5,2,3.7
I2345,A1625,Screening,2025-06-12,Interviewer_21,2,4,2,2.7
I2346,A1629,Screening,2024-12-26,Interviewer_20,4,2,2,2.7
I2347,A1629,HR,2024-12-28,Interviewer_30,4,4,2,3.3
I2348,A1630,Technical,2025-04-16,Interviewer_11,4,2,2,2.7
I2349,A1632,HR,2024-10-22,Interviewer_13,5,5,3,4.3
I2350,A1633,Screening,2025-04-27,Interviewer_6,2,3,3,2.7
I2351,A1633,HR,2025-04-29,Interviewer_27,2,3,1,2.0
I2352,A1638,Technical,2025-04-26,Interviewer_20,1,4,5,3.3
I2353,A1640,HR,2024-02-21,Interviewer_26,2,4,5,3.7
I2354,A1640,Technical,2024-02-12,Interviewer_17,1,1,2,1.3
I2355,A1650,Technical,2024-07-20,Interviewer_21,1,2,5,2.7
I2356,A1650,HR,2024-07-15,Interviewer_28,2,5,3,3.3
I2357,A1651,HR,2025-03-01,Interviewer_6,3,4,2,3.0
I2358,A1651,Screening,2025-03-09,Interviewer_12,2,3,5,3.3
I2359,A1651,Technical,2025-03-10,Interviewer_14,3,5,5,4.3
I2360,A1655,Technical,2025-07-21,Interviewer_14,2,5,3,3.3
I2361,A1655,Screening,2025-07-22,Interviewer_12,4,3,1,2.7
I2362,A1658,Screening,2025-06-28,Interviewer_2,2,5,1,2.7
I2363,A1660,Screening,2025-03-08,Interviewer_1,4,2,1,2.3
I2364,A1665,Technical,2024-04-11,Interviewer_5,4,5,3,4.0
I2365,A1666,Technical,2024-11-05,Interviewer_12,1,1,4,2.0
I2366,A1666,Screening,2024-11-09,Interviewer_15,3,5,3,3.7
I2367,A1672,HR,2024-12-29,Interviewer_2,4,5,1,3.3
I2368,A1672,Screening,2024-12-28,Interviewer_17,3,3,2,2.7
I2369,A1672,Technical,2024-12-27,Interviewer_29,2,2,2,2.0
I2370,A1678,HR,2024-03-15,Interviewer_21,4,5,1,3.3
I2371,A1679,HR,2024-02-25,Interviewer_13,4,3,1,2.7
I2372,A1679,Technical,2024-02-23,Interviewer_5,4,2,1,2.3
I2373,A1683,HR,2024-08-22,Interviewer_10,3,5,5,4.3
I2374,A1685,HR,2024-12-23,Interviewer_26,3,2,2,2.3
I2375,A1685,Screening,2024-12-14,Interviewer_29,4,5,2,3.7
I2376,A1685,Technical,2024-12-15,Interviewer_3,4,1,1,2.0
I2377,A1693,Screening,2025-01-22,Interviewer_2,3,3,3,3.0
I2378,A1697,Screening,2025-07-22,Interviewer_17,4,5,1,3.3
I2379,A1697,HR,2025-07-22,Interviewer_22,4,4,5,4.3
I2380,A1697,Technical,2025-07-28,Interviewer_27,4,3,2,3.0
I2381,A1699,Technical,2025-08-06,Interviewer_11,2,3,5,3.3
I2382,A1699,Screening,2025-08-03,Interviewer_8,2,4,2,2.7
I2383,A1702,Technical,2024-09-13,Interviewer_12,2,1,1,1.3
I2384,A1710,HR,2024-05-11,Interviewer_26,3,5,4,4.0
I2385,A1710,Technical,2024-05-12,Interviewer_18,1,2,2,1.7
I2386,A1711,Screening,2024-07-08,Interviewer_4,4,4,2,3.3
I2387,A1711,HR,2024-07-11,Interviewer_23,2,5,1,2.7
I2388,A1712,Technical,2024-11-23,Interviewer_2,4,2,5,3.7
I2389,A1717,Screening,2024-06-13,Interviewer_23,2,5,1,2.7
I2390,A1717,Technical,2024-06-13,Interviewer_12,4,1,2,2.3
I2391,A1717,HR,2024-06-09,Interviewer_17,2,5,4,3.7
I2392,A1720,Technical,2025-01-17,Interviewer_18,4,2,5,3.7
I2393,A1720,Screening,2025-01-17,Interviewer_24,3,3,5,3.7
I2394,A1720,HR,2025-01-11,Interviewer_27,2,5,1,2.7
I2395,A1724,HR,2024-01-18,Interviewer_19,4,5,3,4.0
I2396,A1729,Technical,2024-07-10,Interviewer_11,1,3,1,1.7
I2397,A1729,Screening,2024-07-16,Interviewer_7,4,4,5,4.3
I2398,A1735,Screening,2025-07-07,Interviewer_12,4,5,1,3.3
I2399,A1735,HR,2025-07-09,Interviewer_24,5,4,5,4.7
I2400,A1738,Technical,2024-02-18,Interviewer_16,2,5,2,3.0
I2401,A1739,Technical,2025-01-22,Interviewer_16,4,4,1,3.0
I2402,A1740,Technical,2025-07-11,Interviewer_8,1,2,2,1.7
I2403,A1741,Technical,2025-08-04,Interviewer_11,4,4,1,3.0
I2404,A1741,HR,2025-07-31,Interviewer_5,3,5,5,4.3
I2405,A1742,Technical,2024-12-10,Interviewer_24,2,1,5,2.7
I2406,A1743,Screening,2024-05-17,Interviewer_5,5,5,1,3.7
I2407,A1749,Screening,2024-09-13,Interviewer_10,5,5,5,5.0
I2408,A1754,HR,2024-04-17,Interviewer_22,4,3,3,3.3
I2409,A1756,Technical,2024-04-03,Interviewer_9,3,5,3,3.7
I2410,A1756,Screening,2024-04-01,Interviewer_9,5,4,5,4.7
I2411,A1765,HR,2024-04-21,Interviewer_14,2,5,3,3.3
I2412,A1765,Screening,2024-04-19,Interviewer_13,3,3,4,3.3
I2413,A1765,Technical,2024-04-15,Interviewer_26,4,4,2,3.3
I2414,A1769,Screening,2025-08-28,Interviewer_1,3,3,4,3.3
I2415,A1769,HR,2025-08-23,Interviewer_1,2,3,1,2.0
I2416,A1769,Technical,2025-08-30,Interviewer_3,4,4,1,3.0
I2417,A1775,HR,2024-05-07,Interviewer_27,3,4,3,3.3
I2418,A1784,Technical,2025-01-21,Interviewer_21,3,2,4,3.0
I2419,A1799,Screening,2024-03-28,Interviewer_16,2,5,4,3.7
I2420,A1801,Screening,2024-11-28,Interviewer_25,3,3,1,2.3
I2421,A1801,Technical,2024-11-22,Interviewer_5,1,3,1,1.7
I2422,A1803,Technical,2025-06-10,Interviewer_10,2,1,2,1.7
I2423,A1806,Screening,2025-02-06,Interviewer_24,4,4,3,3.7
I2424,A1806,HR,2025-02-04,Interviewer_30,5,4,4,4.3
I2425,A1807,HR,2024-02-28,Interviewer_10,4,3,2,3.0
I2426,A1807,Screening,2024-02-26,Interviewer_30,4,3,3,3.3
I2427,A1807,Technical,2024-02-28,Interviewer_15,1,4,4,3.0
I2428,A1812,HR,2025-01-02,Interviewer_7,2,4,3,3.0
I2429,A1812,Technical,2024-12-25,Interviewer_16,1,3,2,2.0
I2430,A1812,Screening,2025-01-02,Interviewer_16,3,5,3,3.7
I2431,A1814,Technical,2024-10-05,Interviewer_20,2,3,5,3.3
I2432,A1814,Screening,2024-09-26,Interviewer_5,2,3,3,2.7
I2433,A1815,HR,2024-03-17,Interviewer_9,5,5,2,4.0
I2434,A1815,Technical,2024-03-09,Interviewer_25,3,5,1,3.0
I2435,A1816,HR,2024-10-22,Interviewer_11,4,3,1,2.7
I2436,A1816,Technical,2024-10-24,Interviewer_13,3,1,4,2.7
I2437,A1819,Screening,2024-05-13,Interviewer_3,4,3,2,3.0
I2438,A1819,HR,2024-05-04,Interviewer_2,4,2,3,3.0
I2439,A1820,HR,2024-11-27,Interviewer_12,4,3,5,4.0
I2440,A1820,Screening,2024-11-28,Interviewer_28,2,5,1,2.7
I2441,A1824,HR,2025-08-16,Interviewer_14,3,2,1,2.0
I2442,A1827,HR,2024-08-16,Interviewer_24,5,4,1,3.3
I2443,A1830,Technical,2024-04-30,Interviewer_20,1,2,1,1.3
I2444,A1830,HR,2024-04-29,Interviewer_30,2,2,3,2.3
I2445,A1830,Screening,2024-04-30,Interviewer_4,3,4,5,4.0
I2446,A1831,HR,2025-07-09,Interviewer_1,5,5,4,4.7
I2447,A1832,Technical,2024-09-24,Interviewer_30,2,2,5,3.0
I2448,A1832,Screening,2024-09-19,Interviewer_14,3,2,1,2.0
I2449,A1836,Technical,2025-08-07,Interviewer_30,4,1,4,3.0
I2450,A1836,Screening,2025-08-03,Interviewer_24,3,3,5,3.7
I2451,A1839,Technical,2025-06-06,Interviewer_12,3,3,2,2.7
I2452,A1841,Technical,2025-05-13,Interviewer_19,3,3,4,3.3
I2453,A1841,HR,2025-05-10,Interviewer_5,3,5,5,4.3
I2454,A1841,Screening,2025-05-11,Interviewer_8,2,5,1,2.7
I2455,A1845,Technical,2024-05-30,Interviewer_6,2,1,1,1.3
I2456,A1851,HR,2025-08-25,Interviewer_16,3,3,5,3.7
I2457,A1852,Technical,2024-01-26,Interviewer_13,3,4,2,3.0
I2458,A1852,HR,2024-01-24,Interviewer_17,5,5,3,4.3
I2459,A1857,Screening,2024-10-12,Interviewer_15,5,5,3,4.3
I2460,A1857,HR,2024-10-12,Interviewer_15,4,3,4,3.7
I2461,A1858,Technical,2024-03-21,Interviewer_11,1,5,2,2.7
I2462,A1858,Screening,2024-03-23,Interviewer_5,2,2,3,2.3
I2463,A1858,HR,2024-03-27,Interviewer_22,2,2,5,3.0
I2464,A1864,Screening,2024-10-25,Interviewer_13,5,3,2,3.3
I2465,A1864,HR,2024-10-20,Interviewer_13,3,3,3,3.0
I2466,A1866,Screening,2025-05-31,Interviewer_20,2,5,3,3.3
I2467,A1866,HR,2025-05-30,Interviewer_22,5,5,5,5.0
I2468,A1868,HR,2025-08-22,Interviewer_8,4,5,3,4.0
I2469,A1868,Technical,2025-08-27,Interviewer_28,1,1,1,1.0
I2470,A1871,HR,2024-01-15,Interviewer_13,4,5,4,4.3
I2471,A1871,Screening,2024-01-22,Interviewer_24,2,2,2,2.0
I2472,A1872,Screening,2024-06-11,Interviewer_23,5,4,5,4.7
I2473,A1872,Technical,2024-06-02,Interviewer_13,4,3,1,2.7
I2474,A1876,HR,2025-01-04,Interviewer_22,2,3,2,2.3
I2475,A1876,Technical,2025-01-05,Interviewer_14,2,3,4,3.0
I2476,A1878,Technical,2025-04-23,Interviewer_17,1,1,5,2.3
I2477,A1879,Technical,2024-10-29,Interviewer_2,2,3,4,3.0
I2478,A1879,Screening,2024-10-30,Interviewer_4,5,3,1,3.0
I2479,A1880,HR,2024-03-26,Interviewer_27,5,2,3,3.3
I2480,A1880,Screening,2024-03-27,Interviewer_12,5,2,1,2.7
I2481,A1887,HR,2025-06-05,Interviewer_19,2,2,1,1.7
I2482,A1887,Technical,2025-06-07,Interviewer_13,1,2,3,2.0
I2483,A1887,Screening,2025-06-04,Interviewer_25,2,5,5,4.0
I2484,A1889,Technical,2024-03-10,Interviewer_5,1,1,1,1.0
I2485,A1889,Screening,2024-03-20,Interviewer_9,4,3,4,3.7
I2486,A1895,HR,2024-08-29,Interviewer_1,5,4,2,3.7
I2487,A1895,Screening,2024-08-28,Interviewer_1,4,4,3,3.7
I2488,A1898,HR,2024-08-21,Interviewer_24,3,5,3,3.7
I2489,A1898,Technical,2024-08-24,Interviewer_12,1,5,3,3.0
I2490,A1898,Screening,2024-08-20,Interviewer_17,3,3,4,3.3
I2491,A1900,HR,2025-02-03,Interviewer_21,2,4,3,3.0
I2492,A1910,Technical,2025-02-23,Interviewer_20,1,1,3,1.7
I2493,A1910,HR,2025-02-27,Interviewer_30,3,5,2,3.3
I2494,A1910,Screening,2025-02-27,Interviewer_17,5,4,5,4.7
I2495,A1915,Technical,2024-04-12,Interviewer_24,1,5,1,2.3
I2496,A1916,HR,2024-04-20,Interviewer_14,4,2,5,3.7
I2497,A1924,HR,2024-06-12,Interviewer_24,5,3,1,3.0
I2498,A1925,HR,2024-09-06,Interviewer_9,5,2,5,4.0
I2499,A1934,HR,2024-08-03,Interviewer_24,4,5,3,4.0
I2500,A1934,Technical,2024-08-06,Interviewer_3,2,3,5,3.3
I2501,A1937,HR,2024-02-16,Interviewer_11,4,5,4,4.3
I2502,A1937,Technical,2024-02-24,Interviewer_13,3,4,3,3.3
I2503,A1938,Screening,2025-01-02,Interviewer_27,4,3,4,3.7
I2504,A1939,Screening,2024-03-30,Interviewer_12,3,5,5,4.3
I2505,A1939,Technical,2024-04-01,Interviewer_30,3,4,3,3.3
I2506,A1940,Technical,2024-07-16,Interviewer_12,3,5,3,3.7
I2507,A1943,Screening,2024-09-04,Interviewer_12,2,5,1,2.7
I2508,A1950,HR,2025-04-08,Interviewer_7,5,5,1,3.7
I2509,A1950,Technical,2025-04-10,Interviewer_24,4,1,4,3.0
I2510,A1951,Screening,2024-04-24,Interviewer_13,3,5,4,4.0
I2511,A1954,Screening,2024-05-21,Interviewer_5,2,4,5,3.7
I2512,A1957,Technical,2025-06-22,Interviewer_21,1,4,5,3.3
I2513,A1957,HR,2025-06-27,Interviewer_9,4,3,2,3.0
I2514,A1962,HR,2025-08-16,Interviewer_8,3,3,2,2.7
I2515,A1962,Screening,2025-08-15,Interviewer_23,3,3,2,2.7
I2516,A1962,Technical,2025-08-18,Interviewer_26,4,5,5,4.7
I2517,A1963,Screening,2024-09-28,Interviewer_1,4,3,4,3.7
I2518,A1963,HR,2024-09-27,Interviewer_15,4,3,3,3.3
I2519,A1963,Technical,2024-09-27,Interviewer_24,2,2,5,3.0
I2520,A1968,Technical,2025-04-24,Interviewer_21,3,2,5,3.3
I2521,A1971,Screening,2025-04-10,Interviewer_22,3,3,3,3.0
I2522,A1971,Technical,2025-04-17,Interviewer_11,2,2,4,2.7
I2523,A1972,HR,2024-10-22,Interviewer_28,2,2,1,1.7
I2524,A1973,Technical,2025-06-20,Interviewer_6,2,5,1,2.7
I2525,A1973,Screening,2025-06-25,Interviewer_6,4,3,2,3.0
I2526,A1973,HR,2025-06-20,Interviewer_28,3,5,5,4.3
I2527,A1979,Screening,2024-04-21,Interviewer_24,3,4,4,3.7
I2528,A1979,HR,2024-04-25,Interviewer_30,2,3,2,2.3
I2529,A1983,Screening,2024-07-24,Interviewer_5,4,3,2,3.0
I2530,A1985,HR,2024-04-27,Interviewer_23,4,2,4,3.3
I2531,A1985,Technical,2024-04-28,Interviewer_25,4,3,5,4.0
I2532,A1986,HR,2024-05-14,Interviewer_3,3,3,5,3.7
I2533,A1987,Screening,2024-06-14,Interviewer_9,3,2,3,2.7
I2534,A1988,HR,2024-05-19,Interviewer_3,3,4,2,3.0
I2535,A1992,Screening,2025-07-12,Interviewer_7,3,3,3,3.0
I2536,A1992,Technical,2025-07-07,Interviewer_10,1,4,1,2.0
I2537,A1997,HR,2025-01-21,Interviewer_22,2,2,2,2.0
I2538,A1998,Screening,2024-09-12,Interviewer_30,3,4,4,3.7
I2539,A1998,HR,2024-09-18,Interviewer_18,5,2,5,4.0
I2540,A2003,Technical,2025-06-26,Interviewer_17,1,3,1,1.7
I2541,A2013,HR,2025-01-26,Interviewer_10,4,2,4,3.3
I2542,A2013,Technical,2025-01-28,Interviewer_20,2,1,1,1.3
I2543,A2014,HR,2024-08-13,Interviewer_27,5,4,5,4.7
I2544,A2014,Technical,2024-08-14,Interviewer_15,1,1,3,1.7
I2545,A2014,Screening,2024-08-20,Interviewer_27,2,3,4,3.0
I2546,A2015,Screening,2025-02-19,Interviewer_15,5,5,5,5.0
I2547,A2015,HR,2025-02-16,Interviewer_28,4,4,3,3.7
I2548,A2015,Technical,2025-02-15,Interviewer_29,1,1,2,1.3
I2549,A2017,Screening,2025-08-31,Interviewer_1,5,2,4,3.7
I2550,A2017,Technical,2025-08-30,Interviewer_8,2,1,2,1.7
I2551,A2023,HR,2025-04-02,Interviewer_19,3,3,3,3.0
I2552,A2024,Screening,2024-07-22,Interviewer_5,4,5,3,4.0
I2553,A2024,HR,2024-07-23,Interviewer_3,5,3,5,4.3
I2554,A2025,HR,2025-08-05,Interviewer_15,5,4,5,4.7
I2555,A2025,Technical,2025-08-07,Interviewer_17,4,1,1,2.0
I2556,A2031,Screening,2025-03-21,Interviewer_14,3,2,5,3.3
I2557,A2034,HR,2024-07-05,Interviewer_23,5,3,5,4.3
I2558,A2034,Screening,2024-07-05,Interviewer_7,2,4,4,3.3
I2559,A2036,Technical,2025-05-13,Interviewer_3,1,4,2,2.3
I2560,A2039,Screening,2025-01-24,Interviewer_12,5,3,3,3.7
I2561,A2049,Screening,2024-11-30,Interviewer_10,4,3,5,4.0
I2562,A2050,Screening,2024-02-22,Interviewer_15,3,3,2,2.7
I2563,A2050,Technical,2024-02-23,Interviewer_24,3,3,4,3.3
I2564,A2053,Screening,2024-06-10,Interviewer_25,2,2,5,3.0
I2565,A2053,Technical,2024-06-08,Interviewer_2,1,3,5,3.0
I2566,A2057,Screening,2024-11-19,Interviewer_16,3,5,5,4.3
I2567,A2057,Technical,2024-11-22,Interviewer_14,4,2,1,2.3
I2568,A2057,HR,2024-11-22,Interviewer_3,5,2,2,3.0
I2569,A2058,Technical,2025-06-25,Interviewer_27,2,1,4,2.3
I2570,A2060,Screening,2024-11-03,Interviewer_25,5,2,2,3.0
I2571,A2066,Technical,2024-10-31,Interviewer_21,4,1,2,2.3
I2572,A2068,Screening,2024-01-30,Interviewer_21,2,2,3,2.3
I2573,A2069,Screening,2024-11-23,Interviewer_3,3,4,1,2.7
I2574,A2069,Technical,2024-11-13,Interviewer_12,3,3,4,3.3
I2575,A2071,Technical,2024-08-22,Interviewer_12,2,1,3,2.0
I2576,A2071,Screening,2024-08-20,Interviewer_6,3,4,5,4.0
I2577,A2072,HR,2025-05-28,Interviewer_6,3,5,5,4.3
I2578,A2072,Screening,2025-05-31,Interviewer_11,4,4,3,3.7
I2579,A2073,HR,2024-10-08,Interviewer_25,2,5,2,3.0
I2580,A2074,Technical,2025-03-31,Interviewer_17,2,2,1,1.7
I2581,A2074,HR,2025-04-01,Interviewer_13,2,4,3,3.0
I2582,A2077,HR,2025-07-15,Interviewer_9,5,2,1,2.7
I2583,A2080,Screening,2025-02-28,Interviewer_11,5,5,2,4.0
I2584,A2080,HR,2025-02-27,Interviewer_1,5,2,4,3.7
I2585,A2083,Screening,2025-01-19,Interviewer_5,4,2,2,2.7
I2586,A2088,HR,2025-04-08,Interviewer_9,2,2,1,1.7
I2587,A2088,Technical,2025-04-09,Interviewer_30,2,2,3,2.3
I2588,A2090,Screening,2025-07-28,Interviewer_17,5,3,2,3.3
I2589,A2094,Technical,2024-08-07,Interviewer_12,2,1,4,2.3
I2590,A2094,Screening,2024-08-03,Interviewer_1,3,3,3,3.0
I2591,A2105,Screening,2024-09-20,Interviewer_11,2,3,2,2.3
I2592,A2107,Screening,2024-11-15,Interviewer_13,2,3,3,2.7
I2593,A2110,Screening,2024-04-02,Interviewer_16,2,4,1,2.3
I2594,A2110,Technical,2024-04-05,Interviewer_6,2,5,2,3.0
I2595,A2112,Screening,2025-08-02,Interviewer_16,5,3,2,3.3
I2596,A2112,HR,2025-08-02,Interviewer_13,3,5,4,4.0
I2597,A2113,HR,2024-12-21,Interviewer_4,2,4,4,3.3
I2598,A2115,HR,2025-06-19,Interviewer_29,2,5,4,3.7
I2599,A2119,HR,2025-08-11,Interviewer_25,5,5,1,3.7
I2600,A2119,Technical,2025-08-04,Interviewer_26,2,2,3,2.3
I2601,A2119,Screening,2025-08-08,Interviewer_13,5,2,5,4.0
I2602,A2121,Technical,2024-08-06,Interviewer_15,4,2,1,2.3
I2603,A2130,Technical,2025-04-05,Interviewer_16,1,4,2,2.3
I2604,A2130,Screening,2025-04-11,Interviewer_21,2,5,3,3.3
I2605,A2131,HR,2024-02-27,Interviewer_22,5,4,4,4.3
I2606,A2133,Technical,2025-01-21,Interviewer_8,1,2,5,2.7
I2607,A2136,HR,2024-12-21,Interviewer_27,4,5,1,3.3
I2608,A2137,HR,2024-09-14,Interviewer_1,4,5,2,3.7
I2609,A2140,Screening,2024-03-06,Interviewer_26,4,3,2,3.0
I2610,A2140,Technical,2024-03-02,Interviewer_23,3,2,1,2.0
I2611,A2142,Technical,2024-03-25,Interviewer_26,4,4,1,3.0
I2612,A2142,Screening,2024-03-25,Interviewer_21,4,3,4,3.7
I2613,A2142,HR,2024-03-27,Interviewer_6,5,4,3,4.0
I2614,A2144,Technical,2024-04-08,Interviewer_23,2,3,5,3.3
I2615,A2144,HR,2024-04-12,Interviewer_23,2,4,2,2.7
I2616,A2146,Screening,2025-06-07,Interviewer_6,2,5,5,4.0
I2617,A2154,Screening,2024-08-23,Interviewer_1,3,2,4,3.0
I2618,A2159,Technical,2024-02-25,Interviewer_8,1,1,3,1.7
I2619,A2160,HR,2025-05-04,Interviewer_9,2,4,5,3.7
I2620,A2160,Technical,2025-05-08,Interviewer_12,2,3,5,3.3
I2621,A2160,Screening,2025-05-12,Interviewer_7,4,5,4,4.3
I2622,A2170,Screening,2024-08-23,Interviewer_29,2,4,1,2.3
I2623,A2170,HR,2024-08-29,Interviewer_6,4,2,2,2.7
I2624,A2170,Technical,2024-08-26,Interviewer_12,3,2,5,3.3
I2625,A2173,Screening,2025-07-08,Interviewer_27,2,2,4,2.7
I2626,A2173,HR,2025-07-15,Interviewer_5,5,3,1,3.0
I2627,A2177,Screening,2024-09-29,Interviewer_6,2,2,2,2.0
I2628,A2177,Technical,2024-09-21,Interviewer_17,2,5,1,2.7
I2629,A2177,HR,2024-09-21,Interviewer_20,2,5,1,2.7
I2630,A2181,HR,2025-08-04,Interviewer_12,4,4,1,3.0
I2631,A2181,Technical,2025-08-10,Interviewer_24,2,4,4,3.3
I2632,A2181,Screening,2025-08-05,Interviewer_5,2,5,5,4.0
I2633,A2189,Screening,2025-01-19,Interviewer_7,5,5,3,4.3
I2634,A2189,HR,2025-01-12,Interviewer_17,3,3,4,3.3
I2635,A2189,Technical,2025-01-21,Interviewer_6,1,1,5,2.3
I2636,A2190,Screening,2025-01-25,Interviewer_22,4,5,1,3.3
I2637,A2190,HR,2025-01-19,Interviewer_7,4,3,4,3.7
I2638,A2192,Technical,2025-04-27,Interviewer_8,1,5,1,2.3
I2639,A2196,Screening,2024-11-01,Interviewer_27,5,5,4,4.7
I2640,A2197,Technical,2025-01-04,Interviewer_5,2,2,5,3.0
I2641,A2198,Technical,2024-05-29,Interviewer_13,3,5,3,3.7
I2642,A2198,Screening,2024-06-01,Interviewer_8,5,5,3,4.3
I2643,A2201,Screening,2025-04-02,Interviewer_25,2,2,4,2.7
I2644,A2203,Screening,2024-08-14,Interviewer_18,2,3,4,3.0
I2645,A2203,Technical,2024-08-08,Interviewer_6,2,4,2,2.7
I2646,A2206,HR,2025-06-04,Interviewer_29,2,4,2,2.7
I2647,A2208,Technical,2025-08-01,Interviewer_22,1,3,4,2.7
I2648,A2208,HR,2025-08-02,Interviewer_21,2,4,5,3.7
I2649,A2212,Technical,2024-06-21,Interviewer_8,3,2,2,2.3
I2650,A2212,HR,2024-06-25,Interviewer_30,4,4,2,3.3
I2651,A2220,HR,2025-08-14,Interviewer_17,3,3,2,2.7
I2652,A2220,Screening,2025-08-22,Interviewer_9,5,4,1,3.3
I2653,A2220,Technical,2025-08-17,Interviewer_18,4,4,2,3.3
I2654,A2221,Technical,2024-10-02,Interviewer_17,4,1,1,2.0
I2655,A2221,HR,2024-10-07,Interviewer_8,2,2,2,2.0
I2656,A2221,Screening,2024-10-01,Interviewer_2,5,3,4,4.0
I2657,A2223,Technical,2025-05-14,Interviewer_25,3,2,1,2.0
I2658,A2223,Screening,2025-05-17,Interviewer_19,4,5,5,4.7
I2659,A2226,Screening,2025-03-01,Interviewer_25,2,5,1,2.7
I2660,A2226,Technical,2025-03-03,Interviewer_11,4,1,4,3.0
I2661,A2226,HR,2025-03-01,Interviewer_15,5,3,3,3.7
I2662,A2232,Technical,2024-02-12,Interviewer_7,2,2,3,2.3
I2663,A2234,HR,2024-07-06,Interviewer_24,4,2,3,3.0
I2664,A2235,HR,2025-08-04,Interviewer_15,2,5,1,2.7
I2665,A2235,Technical,2025-08-03,Interviewer_10,3,3,4,3.3
I2666,A2236,Technical,2025-07-15,Interviewer_10,1,3,5,3.0
I2667,A2236,Screening,2025-07-21,Interviewer_16,4,3,5,4.0
I2668,A2236,HR,2025-07-20,Interviewer_9,2,5,2,3.0
I2669,A2238,HR,2025-06-20,Interviewer_2,2,3,3,2.7
I2670,A2238,Technical,2025-06-23,Interviewer_2,1,5,4,3.3
I2671,A2238,Screening,2025-06-23,Interviewer_22,2,3,1,2.0
I2672,A2249,Screening,2025-02-18,Interviewer_20,2,3,1,2.0
I2673,A2250,HR,2025-03-11,Interviewer_13,5,5,2,4.0
I2674,A2250,Technical,2025-03-11,Interviewer_18,4,4,2,3.3
I2675,A2256,HR,2024-09-19,Interviewer_27,5,3,1,3.0
I2676,A2256,Screening,2024-09-14,Interviewer_9,4,3,1,2.7
I2677,A2259,HR,2024-01-31,Interviewer_8,5,2,2,3.0
I2678,A2259,Technical,2024-01-28,Interviewer_1,3,3,2,2.7
I2679,A2259,Screening,2024-01-24,Interviewer_3,2,3,4,3.0
I2680,A2263,HR,2025-06-18,Interviewer_1,4,4,2,3.3
I2681,A2263,Screening,2025-06-21,Interviewer_21,2,3,4,3.0
I2682,A2263,Technical,2025-06-19,Interviewer_25,3,2,5,3.3
I2683,A2264,Technical,2025-03-24,Interviewer_20,3,2,1,2.0
I2684,A2266,Screening,2024-07-14,Interviewer_26,4,5,4,4.3
I2685,A2269,Screening,2025-06-27,Interviewer_26,2,3,5,3.3
I2686,A2273,Technical,2025-03-05,Interviewer_17,3,4,5,4.0
I2687,A2274,Technical,2025-02-17,Interviewer_4,1,5,5,3.7
I2688,A2274,HR,2025-02-25,Interviewer_27,5,4,4,4.3
I2689,A2274,Screening,2025-02-24,Interviewer_20,2,3,4,3.0
I2690,A2279,Technical,2024-03-23,Interviewer_6,3,4,1,2.7
I2691,A2282,HR,2025-06-12,Interviewer_4,3,2,4,3.0
I2692,A2282,Technical,2025-06-06,Interviewer_4,4,5,2,3.7
I2693,A2282,Screening,2025-06-09,Interviewer_17,3,3,5,3.7
I2694,A2284,Technical,2024-11-30,Interviewer_10,2,2,1,1.7
I2695,A2284,Screening,2024-12-01,Interviewer_7,5,5,1,3.7
I2696,A2286,Technical,2024-12-18,Interviewer_19,3,1,4,2.7
I2697,A2286,HR,2024-12-25,Interviewer_24,5,4,2,3.7
I2698,A2288,HR,2024-11-10,Interviewer_9,4,2,1,2.3
I2699,A2288,Screening,2024-11-08,Interviewer_9,2,4,2,2.7
I2700,A2289,HR,2024-09-07,Interviewer_25,4,5,1,3.3
I2701,A2289,Technical,2024-09-15,Interviewer_11,4,1,4,3.0
I2702,A2291,Technical,2024-09-29,Interviewer_18,2,5,1,2.7
I2703,A2297,HR,2025-05-12,Interviewer_6,4,5,1,3.3
I2704,A2299,Technical,2024-03-31,Interviewer_19,1,2,2,1.7
I2705,A2299,Screening,2024-04-04,Interviewer_20,4,5,1,3.3
I2706,A2300,Technical,2025-08-22,Interviewer_22,1,3,5,3.0
I2707,A2301,Technical,2024-07-31,Interviewer_18,4,1,5,3.3
I2708,A2301,HR,2024-08-03,Interviewer_7,2,2,5,3.0
I2709,A2302,HR,2025-08-09,Interviewer_15,3,5,2,3.3
I2710,A2305,Technical,2024-11-07,Interviewer_23,2,5,2,3.0
I2711,A2305,HR,2024-11-13,Interviewer_23,4,2,2,2.7
I2712,A2313,Technical,2025-05-14,Interviewer_8,4,3,3,3.3
I2713,A2315,Screening,2024-09-15,Interviewer_10,2,5,1,2.7
I2714,A2318,Technical,2024-02-24,Interviewer_11,3,1,3,2.3
I2715,A2319,Technical,2024-02-28,Interviewer_3,3,2,4,3.0
I2716,A2322,HR,2024-01-14,Interviewer_16,4,2,4,3.3
I2717,A2323,HR,2025-03-21,Interviewer_27,3,2,4,3.0
I2718,A2323,Screening,2025-03-15,Interviewer_4,2,5,5,4.0
I2719,A2326,HR,2024-03-08,Interviewer_21,4,2,4,3.3
I2720,A2340,Technical,2024-07-17,Interviewer_29,3,4,4,3.7
I2721,A2340,Screening,2024-07-26,Interviewer_3,5,5,4,4.7
I2722,A2344,HR,2025-01-14,Interviewer_6,2,2,1,1.7
I2723,A2344,Technical,2025-01-15,Interviewer_2,4,1,1,2.0
I2724,A2345,Technical,2025-04-07,Interviewer_17,2,1,5,2.7
I2725,A2363,HR,2025-05-30,Interviewer_4,5,5,1,3.7
I2726,A2363,Technical,2025-05-22,Interviewer_28,4,5,5,4.7
I2727,A2365,Technical,2024-03-05,Interviewer_12,3,5,2,3.3
I2728,A2365,Screening,2024-02-29,Interviewer_1,5,3,3,3.7
I2729,A2365,HR,2024-03-02,Interviewer_3,2,2,3,2.3
I2730,A2371,Technical,2024-12-03,Interviewer_16,1,2,3,2.0
I2731,A2371,HR,2024-11-30,Interviewer_26,2,5,2,3.0
I2732,A2372,HR,2024-03-10,Interviewer_28,2,2,4,2.7
I2733,A2372,Screening,2024-03-10,Interviewer_15,5,4,3,4.0
I2734,A2373,Screening,2024-09-08,Interviewer_23,5,4,5,4.7
I2735,A2376,Screening,2025-07-05,Interviewer_12,5,2,4,3.7
I2736,A2376,HR,2025-06-29,Interviewer_30,4,5,4,4.3
I2737,A2377,Screening,2025-07-19,Interviewer_14,5,5,5,5.0
I2738,A2378,HR,2024-06-01,Interviewer_19,3,3,1,2.3
I2739,A2384,Technical,2025-07-15,Interviewer_17,2,2,1,1.7
I2740,A2386,Screening,2024-03-03,Interviewer_22,4,3,4,3.7
I2741,A2388,Technical,2024-11-08,Interviewer_23,2,5,3,3.3
I2742,A2388,Screening,2024-11-10,Interviewer_26,5,5,3,4.3
I2743,A2388,HR,2024-11-07,Interviewer_24,4,4,1,3.0
I2744,A2390,Screening,2025-02-22,Interviewer_2,2,2,2,2.0
I2745,A2392,Screening,2024-10-15,Interviewer_17,3,4,2,3.0
I2746,A2392,HR,2024-10-24,Interviewer_30,5,2,3,3.3
I2747,A2392,Technical,2024-10-18,Interviewer_8,1,1,3,1.7
I2748,A2401,Technical,2024-12-13,Interviewer_4,1,2,3,2.0
I2749,A2402,Screening,2024-12-18,Interviewer_2,3,5,4,4.0
I2750,A2403,HR,2024-08-27,Interviewer_20,3,4,4,3.7
I2751,A2405,HR,2024-09-27,Interviewer_18,5,3,5,4.3
I2752,A2408,HR,2024-07-20,Interviewer_25,5,5,4,4.7
I2753,A2408,Screening,2024-07-14,Interviewer_21,4,5,4,4.3
I2754,A2408,Technical,2024-07-18,Interviewer_8,3,2,4,3.0
I2755,A2409,Screening,2025-03-20,Interviewer_10,2,2,1,1.7
I2756,A2413,Screening,2025-01-01,Interviewer_3,4,5,2,3.7
I2757,A2416,HR,2025-06-06,Interviewer_13,4,5,2,3.7
I2758,A2416,Technical,2025-06-05,Interviewer_10,4,3,1,2.7
I2759,A2417,Technical,2025-04-24,Interviewer_15,2,2,5,3.0
I2760,A2419,Technical,2025-02-08,Interviewer_25,2,4,1,2.3
I2761,A2421,Technical,2025-08-17,Interviewer_13,1,3,5,3.0
I2762,A2421,HR,2025-08-18,Interviewer_14,4,4,1,3.0
I2763,A2428,HR,2024-10-03,Interviewer_7,5,5,1,3.7
I2764,A2428,Screening,2024-10-08,Interviewer_5,5,3,5,4.3
I2765,A2430,HR,2024-05-09,Interviewer_23,5,3,5,4.3
I2766,A2434,HR,2024-04-19,Interviewer_8,3,4,1,2.7
I2767,A2436,HR,2024-03-20,Interviewer_17,2,5,1,2.7
I2768,A2442,Technical,2025-01-10,Interviewer_2,2,4,5,3.7
I2769,A2442,Screening,2025-01-10,Interviewer_10,2,4,4,3.3
I2770,A2443,Screening,2024-04-11,Interviewer_20,2,3,1,2.0
I2771,A2443,HR,2024-04-13,Interviewer_13,3,3,1,2.3
I2772,A2446,HR,2024-09-28,Interviewer_4,3,5,3,3.7
I2773,A2456,Technical,2024-03-13,Interviewer_22,1,4,4,3.0
I2774,A2460,HR,2024-04-20,Interviewer_21,3,2,4,3.0
I2775,A2461,Technical,2024-09-27,Interviewer_28,4,3,1,2.7
I2776,A2461,HR,2024-09-30,Interviewer_23,2,5,5,4.0
I2777,A2463,Technical,2025-04-30,Interviewer_30,1,5,5,3.7
I2778,A2464,Technical,2025-01-02,Interviewer_14,3,4,5,4.0
I2779,A2464,Screening,2025-01-05,Interviewer_6,2,5,5,4.0
I2780,A2465,Screening,2024-06-11,Interviewer_12,5,3,2,3.3
I2781,A2467,HR,2024-05-31,Interviewer_9,3,2,3,2.7
I2782,A2470,Technical,2024-02-04,Interviewer_11,4,4,2,3.3
I2783,A2470,Screening,2024-01-27,Interviewer_5,5,4,3,4.0
I2784,A2470,HR,2024-01-30,Interviewer_22,2,5,3,3.3
I2785,A2471,HR,2024-11-08,Interviewer_7,4,4,5,4.3
I2786,A2473,HR,2024-09-21,Interviewer_26,2,3,3,2.7
I2787,A2476,HR,2025-08-31,Interviewer_2,5,5,5,5.0
I2788,A2478,Screening,2025-03-28,Interviewer_16,5,3,3,3.7
I2789,A2480,HR,2024-05-16,Interviewer_11,2,3,4,3.0
I2790,A2480,Screening,2024-05-23,Interviewer_28,5,4,2,3.7
I2791,A2480,Technical,2024-05-23,Interviewer_5,3,3,2,2.7
I2792,A2491,HR,2024-08-09,Interviewer_11,5,5,2,4.0
I2793,A2491,Screening,2024-08-04,Interviewer_19,2,5,1,2.7
I2794,A2492,HR,2024-07-07,Interviewer_20,2,2,1,1.7
I2795,A2492,Technical,2024-07-04,Interviewer_2,2,4,2,2.7
I2796,A2492,Screening,2024-07-11,Interviewer_3,2,2,3,2.3
I2797,A2493,Technical,2024-07-14,Interviewer_8,4,1,4,3.0
I2798,A2493,HR,2024-07-16,Interviewer_29,4,3,3,3.3
I2799,A2493,Screening,2024-07-12,Interviewer_7,2,5,5,4.0
I2800,A2501,Technical,2025-06-02,Interviewer_25,3,4,2,3.0
I2801,A2503,HR,2024-02-22,Interviewer_10,4,2,1,2.3
I2802,A2503,Screening,2024-03-01,Interviewer_28,5,5,2,4.0
I2803,A2510,Screening,2024-10-29,Interviewer_5,4,3,2,3.0
I2804,A2510,Technical,2024-10-22,Interviewer_4,4,2,1,2.3
I2805,A2513,HR,2024-12-06,Interviewer_19,5,2,3,3.3
I2806,A2513,Technical,2024-12-13,Interviewer_10,4,5,5,4.7
I2807,A2513,Screening,2024-12-13,Interviewer_28,5,3,5,4.3
I2808,A2523,HR,2025-08-02,Interviewer_22,4,3,3,3.3
I2809,A2523,Screening,2025-08-09,Interviewer_16,5,5,1,3.7
I2810,A2524,Technical,2025-01-31,Interviewer_13,3,5,1,3.0
I2811,A2524,Screening,2025-02-03,Interviewer_25,2,3,4,3.0
I2812,A2526,Screening,2024-03-10,Interviewer_27,5,5,5,5.0
I2813,A2527,Technical,2025-07-28,Interviewer_30,3,3,1,2.3
I2814,A2531,HR,2024-09-21,Interviewer_1,3,2,2,2.3
I2815,A2537,HR,2025-06-04,Interviewer_11,2,2,5,3.0
I2816,A2537,Screening,2025-06-13,Interviewer_25,2,4,1,2.3
I2817,A2537,Technical,2025-06-05,Interviewer_9,2,5,3,3.3
I2818,A2539,Screening,2025-05-25,Interviewer_14,5,4,5,4.7
I2819,A2539,Technical,2025-05-26,Interviewer_12,1,4,2,2.3
I2820,A2539,HR,2025-05-30,Interviewer_20,5,4,3,4.0
I2821,A2541,Technical,2024-09-07,Interviewer_1,4,2,5,3.7
I2822,A2541,HR,2024-09-09,Interviewer_23,4,5,5,4.7
I2823,A2542,HR,2024-09-27,Interviewer_13,5,3,1,3.0
I2824,A2542,Technical,2024-10-04,Interviewer_28,1,5,5,3.7
I2825,A2549,HR,2025-05-25,Interviewer_21,2,2,3,2.3
I2826,A2556,Technical,2025-04-12,Interviewer_20,4,1,5,3.3
I2827,A2557,HR,2024-09-23,Interviewer_25,3,2,2,2.3
I2828,A2557,Screening,2024-09-20,Interviewer_7,3,2,4,3.0
I2829,A2560,Technical,2025-06-29,Interviewer_17,3,3,3,3.0
I2830,A2560,Screening,2025-06-29,Interviewer_13,4,2,3,3.0
I2831,A2560,HR,2025-07-06,Interviewer_5,4,2,4,3.3
I2832,A2562,Technical,2024-06-01,Interviewer_10,1,4,5,3.3
I2833,A2562,Screening,2024-06-03,Interviewer_2,2,4,2,2.7
I2834,A2568,Technical,2025-08-15,Interviewer_1,3,4,3,3.3
I2835,A2572,HR,2025-06-21,Interviewer_11,3,2,4,3.0
I2836,A2572,Screening,2025-06-21,Interviewer_26,5,5,4,4.7
I2837,A2576,Screening,2024-12-11,Interviewer_1,4,4,3,3.7
I2838,A2578,HR,2024-10-10,Interviewer_6,3,5,4,4.0
I2839,A2590,HR,2024-03-08,Interviewer_7,4,3,2,3.0
I2840,A2594,HR,2025-04-23,Interviewer_17,2,5,2,3.0
I2841,A2594,Technical,2025-04-17,Interviewer_17,1,4,3,2.7
I2842,A2595,HR,2025-05-05,Interviewer_23,4,3,3,3.3
I2843,A2595,Technical,2025-05-01,Interviewer_17,3,3,1,2.3
I2844,A2600,Screening,2025-03-28,Interviewer_9,2,4,5,3.7
I2845,A2600,Technical,2025-03-25,Interviewer_4,2,4,4,3.3
I2846,A2600,HR,2025-03-30,Interviewer_30,2,2,2,2.0
I2847,A2602,HR,2025-08-13,Interviewer_5,3,5,5,4.3
I2848,A2610,HR,2024-12-06,Interviewer_19,3,5,3,3.7
I2849,A2613,Screening,2024-04-21,Interviewer_11,2,5,2,3.0
I2850,A2616,Screening,2025-07-08,Interviewer_30,3,5,5,4.3
I2851,A2616,HR,2025-07-10,Interviewer_18,5,5,5,5.0
I2852,A2617,Screening,2024-02-05,Interviewer_17,4,5,4,4.3
I2853,A2617,Technical,2024-01-31,Interviewer_24,4,4,1,3.0
I2854,A2621,Screening,2025-04-28,Interviewer_7,3,4,5,4.0
I2855,A2627,HR,2024-05-15,Interviewer_18,4,4,1,3.0
I2856,A2630,Technical,2025-07-03,Interviewer_7,2,2,4,2.7
I2857,A2632,Screening,2025-03-25,Interviewer_25,5,3,1,3.0
I2858,A2632,HR,2025-03-30,Interviewer_30,3,5,5,4.3
I2859,A2634,Technical,2025-04-18,Interviewer_9,2,1,1,1.3
I2860,A2634,Screening,2025-04-21,Interviewer_28,5,5,2,4.0
I2861,A2639,Screening,2024-04-24,Interviewer_29,2,3,4,3.0
I2862,A2644,HR,2025-07-11,Interviewer_26,3,4,3,3.3
I2863,A2644,Screening,2025-07-07,Interviewer_13,5,2,5,4.0
I2864,A2647,HR,2024-12-09,Interviewer_18,3,4,4,3.7
I2865,A2647,Screening,2024-12-12,Interviewer_24,4,5,3,4.0
I2866,A2647,Technical,2024-12-06,Interviewer_10,1,2,3,2.0
I2867,A2648,Screening,2024-03-21,Interviewer_21,2,4,3,3.0
I2868,A2648,Technical,2024-03-19,Interviewer_16,2,5,2,3.0
I2869,A2649,HR,2025-04-22,Interviewer_14,3,4,4,3.7
I2870,A2649,Technical,2025-04-28,Interviewer_20,4,2,5,3.7
I2871,A2652,Screening,2025-03-02,Interviewer_15,3,3,3,3.0
I2872,A2652,Technical,2025-03-06,Interviewer_21,4,2,3,3.0
I2873,A2662,Technical,2025-01-21,Interviewer_15,3,1,3,2.3
I2874,A2665,Screening,2025-03-02,Interviewer_27,2,3,5,3.3
I2875,A2668,HR,2024-07-13,Interviewer_3,4,4,2,3.3
I2876,A2670,Technical,2024-03-21,Interviewer_13,4,5,5,4.7
I2877,A2670,Screening,2024-03-17,Interviewer_14,3,3,3,3.0
I2878,A2672,Screening,2025-04-25,Interviewer_8,4,5,3,4.0
I2879,A2672,Technical,2025-04-23,Interviewer_25,1,2,4,2.3
I2880,A2674,Screening,2024-04-20,Interviewer_1,2,2,1,1.7
I2881,A2682,Screening,2024-03-28,Interviewer_18,2,2,1,1.7
I2882,A2683,Technical,2024-01-19,Interviewer_16,2,3,4,3.0
I2883,A2683,Screening,2024-01-25,Interviewer_7,4,3,2,3.0
I2884,A2683,HR,2024-01-26,Interviewer_23,4,4,2,3.3
I2885,A2684,Technical,2025-01-14,Interviewer_9,2,1,4,2.3
I2886,A2684,HR,2025-01-11,Interviewer_25,2,2,3,2.3
I2887,A2685,Technical,2024-11-05,Interviewer_7,4,3,4,3.7
I2888,A2685,Screening,2024-10-29,Interviewer_5,2,2,2,2.0
I2889,A2687,HR,2024-09-09,Interviewer_28,4,4,2,3.3
I2890,A2689,HR,2024-05-14,Interviewer_7,5,2,3,3.3
I2891,A2694,HR,2025-01-21,Interviewer_2,3,4,4,3.7
I2892,A2694,Screening,2025-01-26,Interviewer_19,2,4,2,2.7
I2893,A2695,Technical,2024-10-09,Interviewer_22,4,5,2,3.7
I2894,A2695,Screening,2024-10-07,Interviewer_7,2,2,3,2.3
I2895,A2696,HR,2025-03-05,Interviewer_22,4,4,4,4.0
I2896,A2699,Screening,2025-04-14,Interviewer_4,3,5,4,4.0
I2897,A2699,HR,2025-04-14,Interviewer_30,2,3,5,3.3
I2898,A2699,Technical,2025-04-19,Interviewer_3,3,2,4,3.0
I2899,A2700,HR,2024-04-07,Interviewer_7,2,5,3,3.3
I2900,A2706,Screening,2025-05-13,Interviewer_13,3,4,1,2.7
I2901,A2706,HR,2025-05-05,Interviewer_1,2,2,3,2.3
I2902,A2711,Technical,2024-04-17,Interviewer_1,1,2,1,1.3
I2903,A2711,HR,2024-04-10,Interviewer_10,4,2,3,3.0
I2904,A2711,Screening,2024-04-07,Interviewer_21,3,5,4,4.0
I2905,A2716,HR,2024-03-11,Interviewer_23,5,2,5,4.0
I2906,A2719,Screening,2024-11-15,Interviewer_21,5,2,2,3.0
I2907,A2720,HR,2025-03-09,Interviewer_29,4,3,3,3.3
I2908,A2723,Screening,2024-07-13,Interviewer_14,5,3,5,4.3
I2909,A2723,Technical,2024-07-11,Interviewer_12,4,3,3,3.3
I2910,A2723,HR,2024-07-03,Interviewer_21,4,4,2,3.3
I2911,A2724,HR,2024-08-24,Interviewer_16,4,2,3,3.0
I2912,A2724,Technical,2024-08-26,Interviewer_13,1,3,5,3.0
I2913,A2725,Technical,2025-01-10,Interviewer_11,4,5,1,3.3
I2914,A2725,Screening,2025-01-15,Interviewer_24,5,2,4,3.7
I2915,A2726,HR,2025-06-06,Interviewer_30,3,2,5,3.3
I2916,A2726,Technical,2025-06-06,Interviewer_20,2,5,2,3.0
I2917,A2728,HR,2024-07-26,Interviewer_7,3,3,2,2.7
I2918,A2730,HR,2025-01-08,Interviewer_6,2,4,5,3.7
I2919,A2730,Technical,2024-12-30,Interviewer_15,4,4,5,4.3
I2920,A2734,Screening,2025-06-26,Interviewer_1,3,4,2,3.0
I2921,A2734,Technical,2025-06-27,Interviewer_2,2,5,5,4.0
I2922,A2734,HR,2025-06-23,Interviewer_4,3,2,2,2.3
I2923,A2736,Screening,2025-04-30,Interviewer_19,3,3,3,3.0
I2924,A2736,Technical,2025-04-26,Interviewer_16,1,5,2,2.7
I2925,A2740,Technical,2025-07-13,Interviewer_8,3,5,5,4.3
I2926,A2743,Screening,2024-09-20,Interviewer_13,2,5,2,3.0
I2927,A2744,Screening,2024-04-23,Interviewer_19,2,5,1,2.7
I2928,A2744,HR,2024-04-27,Interviewer_26,2,4,1,2.3
I2929,A2745,HR,2025-03-06,Interviewer_23,2,4,1,2.3
I2930,A2745,Technical,2025-03-03,Interviewer_3,1,3,5,3.0
I2931,A2745,Screening,2025-03-08,Interviewer_8,3,2,5,3.3
I2932,A2747,Technical,2024-07-15,Interviewer_19,3,3,3,3.0
I2933,A2748,HR,2025-05-23,Interviewer_13,5,4,3,4.0
I2934,A2748,Technical,2025-05-22,Interviewer_27,1,2,2,1.7
I2935,A2751,Screening,2024-08-17,Interviewer_21,4,4,3,3.7
I2936,A2751,HR,2024-08-20,Interviewer_28,3,4,3,3.3
I2937,A2756,Technical,2025-07-12,Interviewer_2,2,4,3,3.0
I2938,A2756,Screening,2025-07-14,Interviewer_4,2,5,4,3.7
I2939,A2769,Screening,2024-07-15,Interviewer_13,5,2,1,2.7
I2940,A2770,Screening,2024-07-15,Interviewer_30,5,4,2,3.7
I2941,A2770,Technical,2024-07-21,Interviewer_24,2,5,1,2.7
I2942,A2770,HR,2024-07-21,Interviewer_16,2,2,5,3.0
I2943,A2775,HR,2025-08-19,Interviewer_27,3,5,5,4.3
I2944,A2775,Technical,2025-08-23,Interviewer_11,3,4,1,2.7
I2945,A2775,Screening,2025-08-16,Interviewer_19,3,3,5,3.7
I2946,A2778,HR,2024-07-27,Interviewer_3,4,5,2,3.7
I2947,A2782,Screening,2025-09-09,Interviewer_26,4,3,1,2.7
I2948,A2790,Screening,2024-09-01,Interviewer_25,5,4,2,3.7
I2949,A2790,HR,2024-09-05,Interviewer_1,5,4,5,4.7
I2950,A2791,HR,2024-09-18,Interviewer_20,3,4,3,3.3
I2951,A2792,HR,2025-03-09,Interviewer_10,3,3,1,2.3
I2952,A2792,Screening,2025-03-05,Interviewer_10,3,4,3,3.3
I2953,A2792,Technical,2025-03-08,Interviewer_16,4,3,1,2.7
I2954,A2795,Screening,2025-05-04,Interviewer_24,5,5,1,3.7
I2955,A2796,Technical,2025-01-11,Interviewer_19,3,3,2,2.7
I2956,A2796,HR,2025-01-10,Interviewer_28,5,4,1,3.3
I2957,A2798,Screening,2024-05-23,Interviewer_23,3,5,3,3.7
I2958,A2798,HR,2024-05-31,Interviewer_25,5,4,1,3.3
I2959,A2799,Technical,2024-10-04,Interviewer_27,1,2,4,2.3
I2960,A2800,HR,2025-07-01,Interviewer_28,2,4,4,3.3
I2961,A2800,Screening,2025-07-02,Interviewer_22,5,2,2,3.0
I2962,A2800,Technical,2025-07-01,Interviewer_1,2,4,2,2.7
I2963,A2804,Technical,2024-06-14,Interviewer_26,3,1,1,1.7
I2964,A2806,Technical,2024-03-26,Interviewer_13,1,5,4,3.3
I2965,A2810,HR,2024-04-20,Interviewer_14,5,5,5,5.0
I2966,A2810,Screening,2024-04-15,Interviewer_6,2,3,1,2.0
I2967,A2814,Screening,2024-12-24,Interviewer_17,4,5,4,4.3
I2968,A2817,Screening,2025-04-04,Interviewer_30,5,5,2,4.0
I2969,A2822,Screening,2025-03-22,Interviewer_14,5,2,1,2.7
I2970,A2824,Technical,2024-03-24,Interviewer_11,3,1,5,3.0
I2971,A2825,Technical,2024-07-25,Interviewer_12,4,5,2,3.7
I2972,A2825,HR,2024-08-01,Interviewer_17,4,2,2,2.7
I2973,A2826,HR,2025-01-16,Interviewer_4,4,3,5,4.0
I2974,A2827,Screening,2025-05-07,Interviewer_23,5,5,2,4.0
I2975,A2828,Screening,2025-04-30,Interviewer_4,3,5,2,3.3
I2976,A2828,Technical,2025-05-03,Interviewer_18,2,4,2,2.7
I2977,A2831,HR,2024-08-21,Interviewer_30,3,4,5,4.0
I2978,A2838,Technical,2025-06-27,Interviewer_30,3,3,5,3.7
I2979,A2838,HR,2025-06-26,Interviewer_22,4,4,4,4.0
I2980,A2840,HR,2025-02-18,Interviewer_30,3,3,2,2.7
I2981,A2840,Screening,2025-02-19,Interviewer_12,5,3,3,3.7
I2982,A2844,Technical,2025-08-20,Interviewer_21,2,4,5,3.7
I2983,A2845,Screening,2024-11-13,Interviewer_23,3,2,4,3.0
I2984,A2848,HR,2024-06-10,Interviewer_30,4,3,2,3.0
I2985,A2848,Screening,2024-06-06,Interviewer_6,5,4,4,4.3
I2986,A2861,Technical,2024-03-03,Interviewer_27,2,4,1,2.3
I2987,A2862,HR,2025-03-16,Interviewer_13,3,3,2,2.7
I2988,A2867,Screening,2025-05-09,Interviewer_8,2,2,3,2.3
I2989,A2867,Technical,2025-05-13,Interviewer_1,3,3,1,2.3
I2990,A2867,HR,2025-05-15,Interviewer_23,4,4,4,4.0
I2991,A2869,HR,2024-09-23,Interviewer_21,3,4,4,3.7
I2992,A2869,Screening,2024-09-17,Interviewer_3,4,4,4,4.0
I2993,A2870,HR,2025-05-04,Interviewer_19,2,4,5,3.7
I2994,A2873,HR,2024-10-02,Interviewer_14,2,3,3,2.7
I2995,A2874,Screening,2024-06-15,Interviewer_2,2,4,4,3.3
I2996,A2876,Technical,2024-02-21,Interviewer_22,4,3,5,4.0
I2997,A2876,Screening,2024-02-26,Interviewer_22,3,4,4,3.7
I2998,A2880,HR,2025-06-25,Interviewer_11,5,5,5,5.0
I2999,A2880,Screening,2025-06-23,Interviewer_9,3,2,5,3.3
I3000,A2880,Technical,2025-06-21,Interviewer_6,4,5,3,4.0
I3001,A2881,Technical,2024-09-07,Interviewer_26,1,2,1,1.3
I3002,A2886,Technical,2024-03-19,Interviewer_13,2,2,4,2.7
I3003,A2886,HR,2024-03-12,Interviewer_28,5,2,3,3.3
I3004,A2889,HR,2025-06-11,Interviewer_11,2,5,3,3.3
I3005,A2889,Screening,2025-06-11,Interviewer_5,3,5,4,4.0
I3006,A2891,Screening,2025-06-11,Interviewer_5,3,4,3,3.3
I3007,A2891,Technical,2025-06-05,Interviewer_16,4,2,4,3.3
I3008,A2892,Technical,2025-07-14,Interviewer_29,3,5,1,3.0
I3009,A2892,Screening,2025-07-08,Interviewer_11,5,4,5,4.7
I3010,A2894,Technical,2024-05-28,Interviewer_18,4,2,1,2.3
I3011,A2894,HR,2024-05-25,Interviewer_20,5,3,1,3.0
I3012,A2896,Screening,2024-01-27,Interviewer_1,5,2,4,3.7
I3013,A2896,Technical,2024-01-26,Interviewer_21,4,3,2,3.0
I3014,A2899,HR,2024-02-02,Interviewer_11,3,2,3,2.7
I3015,A2900,Technical,2024-10-04,Interviewer_11,3,5,1,3.0
I3016,A2901,Technical,2024-06-24,Interviewer_7,1,3,2,2.0
I3017,A2901,Screening,2024-06-24,Interviewer_11,3,5,2,3.3
I3018,A2901,HR,2024-06-20,Interviewer_14,4,4,3,3.7
I3019,A2903,HR,2025-08-28,Interviewer_11,4,2,2,2.7
I3020,A2903,Technical,2025-08-24,Interviewer_8,1,2,5,2.7
I3021,A2906,Screening,2024-08-06,Interviewer_16,3,4,3,3.3
I3022,A2909,Screening,2025-08-14,Interviewer_15,2,4,4,3.3
I3023,A2909,HR,2025-08-13,Interviewer_11,2,3,3,2.7
I3024,A2909,Technical,2025-08-14,Interviewer_23,2,2,4,2.7
I3025,A2910,HR,2024-12-22,Interviewer_7,3,5,1,3.0
I3026,A2911,Screening,2025-07-16,Interviewer_25,4,4,5,4.3
I3027,A2916,Screening,2024-05-12,Interviewer_17,5,5,4,4.7
I3028,A2916,Technical,2024-05-20,Interviewer_23,3,2,1,2.0
I3029,A2918,Technical,2024-08-02,Interviewer_3,2,4,3,3.0
I3030,A2918,HR,2024-08-01,Interviewer_12,3,4,5,4.0
I3031,A2921,HR,2024-01-16,Interviewer_23,3,4,1,2.7
I3032,A2921,Screening,2024-01-23,Interviewer_9,4,2,4,3.3
I3033,A2922,HR,2024-07-21,Interviewer_18,3,2,3,2.7
I3034,A2923,Technical,2025-05-07,Interviewer_19,1,4,5,3.3
I3035,A2924,Technical,2025-04-24,Interviewer_23,1,3,5,3.0
I3036,A2925,Technical,2024-10-18,Interviewer_15,3,4,5,4.0
I3037,A2926,HR,2025-01-05,Interviewer_13,4,2,4,3.3
I3038,A2930,Technical,2024-05-06,Interviewer_4,2,2,2,2.0
I3039,A2930,HR,2024-05-12,Interviewer_1,4,2,1,2.3
I3040,A2931,Technical,2024-02-22,Interviewer_28,3,2,5,3.3
I3041,A2931,Screening,2024-02-24,Interviewer_29,3,5,3,3.7
I3042,A2931,HR,2024-02-26,Interviewer_10,5,5,4,4.7
I3043,A2932,Screening,2025-08-16,Interviewer_13,2,4,2,2.7
I3044,A2933,HR,2024-07-11,Interviewer_15,3,4,3,3.3
I3045,A2933,Technical,2024-07-01,Interviewer_22,4,2,2,2.7
I3046,A2938,HR,2024-02-23,Interviewer_1,2,2,4,2.7
I3047,A2939,HR,2025-03-25,Interviewer_17,3,3,4,3.3
I3048,A2941,Technical,2024-02-08,Interviewer_13,2,5,5,4.0
I3049,A2949,Screening,2025-03-02,Interviewer_13,2,4,1,2.3
I3050,A2949,HR,2025-02-25,Interviewer_29,4,3,3,3.3
I3051,A2949,Technical,2025-02-22,Interviewer_4,4,5,4,4.3
I3052,A2954,Technical,2024-12-27,Interviewer_7,2,5,2,3.0
I3053,A2954,HR,2024-12-28,Interviewer_30,4,3,1,2.7
I3054,A2956,Screening,2024-12-01,Interviewer_3,5,5,3,4.3
I3055,A2956,HR,2024-12-04,Interviewer_6,3,2,1,2.0
I3056,A2957,HR,2024-03-12,Interviewer_17,2,2,3,2.3
I3057,A2959,Technical,2025-06-26,Interviewer_8,3,4,3,3.3
I3058,A2965,Screening,2024-04-14,Interviewer_22,4,4,2,3.3
I3059,A2966,Technical,2024-06-29,Interviewer_24,4,2,1,2.3
I3060,A2966,Screening,2024-07-05,Interviewer_25,5,3,3,3.7
I3061,A2968,Screening,2024-07-29,Interviewer_19,5,4,3,4.0
I3062,A2968,Technical,2024-08-03,Interviewer_5,1,3,2,2.0
I3063,A2968,HR,2024-08-04,Interviewer_1,3,4,3,3.3
I3064,A2972,Technical,2025-08-03,Interviewer_12,1,1,4,2.0
I3065,A2972,HR,2025-08-03,Interviewer_6,4,2,2,2.7
I3066,A2977,Screening,2025-06-05,Interviewer_18,3,2,4,3.0
I3067,A2978,Technical,2024-12-14,Interviewer_19,3,5,3,3.7
I3068,A2980,HR,2024-05-25,Interviewer_23,4,2,2,2.7
I3069,A2985,Technical,2025-05-30,Interviewer_19,4,1,5,3.3
I3070,A2985,HR,2025-06-04,Interviewer_29,4,4,3,3.7
I3071,A2989,Technical,2024-10-29,Interviewer_21,2,3,4,3.0
I3072,A2989,HR,2024-10-28,Interviewer_5,3,3,1,2.3
I3073,A2990,Technical,2024-04-10,Interviewer_23,3,1,2,2.0
I3074,A2990,Screening,2024-04-14,Interviewer_15,5,4,2,3.7
I3075,A2993,HR,2025-01-04,Interviewer_18,3,2,3,2.7
I3076,A2993,Screening,2025-01-09,Interviewer_9,4,2,2,2.7
I3077,A3001,HR,2025-05-13,Interviewer_14,3,4,5,4.0
I3078,A3003,Screening,2024-07-10,Interviewer_12,5,3,4,4.0
I3079,A3007,Screening,2025-05-01,Interviewer_8,3,3,1,2.3
I3080,A3008,Screening,2024-02-17,Interviewer_25,2,4,2,2.7
I3081,A3008,Technical,2024-02-20,Interviewer_28,2,1,4,2.3
I3082,A3008,HR,2024-02-17,Interviewer_19,5,5,2,4.0
I3083,A3013,HR,2025-02-05,Interviewer_1,5,5,3,4.3
I3084,A3014,HR,2025-05-10,Interviewer_22,5,2,1,2.7
I3085,A3021,HR,2024-01-30,Interviewer_19,4,4,1,3.0
I3086,A3021,Screening,2024-01-28,Interviewer_10,4,5,1,3.3
I3087,A3022,HR,2025-03-11,Interviewer_19,2,2,3,2.3
I3088,A3025,HR,2024-02-03,Interviewer_27,5,3,4,4.0
I3089,A3025,Technical,2024-02-11,Interviewer_9,2,1,4,2.3
I3090,A3025,Screening,2024-02-10,Interviewer_22,3,5,5,4.3
I3091,A3028,Screening,2024-08-07,Interviewer_1,5,2,5,4.0
I3092,A3032,HR,2025-02-06,Interviewer_3,5,4,2,3.7
I3093,A3032,Technical,2025-02-02,Interviewer_3,4,1,2,2.3
I3094,A3039,Technical,2024-06-25,Interviewer_5,1,1,5,2.3
I3095,A3039,Screening,2024-06-23,Interviewer_26,4,2,5,3.7
I3096,A3040,Screening,2025-03-27,Interviewer_14,2,5,1,2.7
I3097,A3046,HR,2025-07-01,Interviewer_15,4,5,2,3.7
I3098,A3046,Technical,2025-07-02,Interviewer_26,3,2,2,2.3
I3099,A3049,HR,2025-02-01,Interviewer_4,3,3,3,3.0
I3100,A3053,Screening,2025-05-29,Interviewer_2,2,2,3,2.3
I3101,A3053,Technical,2025-05-29,Interviewer_17,4,1,3,2.7
I3102,A3060,Technical,2024-01-27,Interviewer_4,1,1,2,1.3
I3103,A3060,HR,2024-01-28,Interviewer_20,5,5,3,4.3
I3104,A3060,Screening,2024-01-23,Interviewer_2,3,4,4,3.7
I3105,A3064,Screening,2024-05-06,Interviewer_7,2,2,4,2.7
I3106,A3065,Technical,2025-05-22,Interviewer_8,1,3,2,2.0
I3107,A3065,Screening,2025-05-27,Interviewer_2,3,3,4,3.3
I3108,A3067,Screening,2025-08-07,Interviewer_29,5,2,3,3.3
I3109,A3068,Screening,2025-04-07,Interviewer_8,4,3,3,3.3
I3110,A3069,Screening,2024-07-06,Interviewer_15,5,5,5,5.0
I3111,A3069,HR,2024-07-08,Interviewer_7,2,4,4,3.3
I3112,A3070,HR,2025-04-21,Interviewer_9,2,3,4,3.0
I3113,A3070,Screening,2025-04-20,Interviewer_12,4,3,3,3.3
I3114,A3078,Technical,2024-09-18,Interviewer_11,3,4,2,3.0
I3115,A3082,Screening,2025-01-11,Interviewer_6,4,5,4,4.3
I3116,A3082,HR,2025-01-17,Interviewer_4,2,5,5,4.0
I3117,A3082,Technical,2025-01-12,Interviewer_26,1,2,2,1.7
I3118,A3092,HR,2024-05-09,Interviewer_24,2,4,1,2.3
I3119,A3100,Technical,2025-02-23,Interviewer_20,1,3,5,3.0
I3120,A3101,HR,2024-12-25,Interviewer_23,3,4,4,3.7
I3121,A3101,Technical,2024-12-27,Interviewer_15,1,2,2,1.7
I3122,A3105,Screening,2025-01-12,Interviewer_5,3,2,3,2.7
I3123,A3108,Technical,2024-10-19,Interviewer_17,3,4,3,3.3
I3124,A3108,Screening,2024-10-24,Interviewer_14,3,4,5,4.0
I3125,A3108,HR,2024-10-26,Interviewer_4,3,2,2,2.3
I3126,A3117,Technical,2024-10-06,Interviewer_22,4,5,2,3.7
I3127,A3120,Screening,2025-07-18,Interviewer_4,2,4,1,2.3
I3128,A3121,Technical,2025-01-15,Interviewer_6,3,5,2,3.3
I3129,A3128,Screening,2024-03-29,Interviewer_12,4,3,5,4.0
I3130,A3128,HR,2024-03-29,Interviewer_13,3,4,5,4.0
I3131,A3130,Technical,2024-08-08,Interviewer_19,4,3,2,3.0
I3132,A3130,Screening,2024-08-16,Interviewer_20,2,2,4,2.7
I3133,A3132,Technical,2025-05-17,Interviewer_27,1,5,5,3.7
I3134,A3132,HR,2025-05-11,Interviewer_12,4,3,3,3.3
I3135,A3142,HR,2025-05-24,Interviewer_2,4,5,2,3.7
I3136,A3143,Screening,2024-03-17,Interviewer_9,3,2,2,2.3
I3137,A3143,Technical,2024-03-16,Interviewer_26,3,4,3,3.3
I3138,A3143,HR,2024-03-20,Interviewer_21,2,2,1,1.7
I3139,A3144,Screening,2024-12-05,Interviewer_24,2,5,5,4.0
I3140,A3145,HR,2024-08-17,Interviewer_16,3,2,4,3.0
I3141,A3145,Screening,2024-08-19,Interviewer_3,2,4,5,3.7
I3142,A3146,Screening,2024-05-09,Interviewer_17,2,4,3,3.0
I3143,A3148,HR,2024-08-24,Interviewer_15,5,2,4,3.7
I3144,A3152,Technical,2025-08-23,Interviewer_3,3,1,4,2.7
I3145,A3152,HR,2025-08-23,Interviewer_30,2,5,3,3.3
I3146,A3154,Screening,2024-08-01,Interviewer_30,3,2,4,3.0
I3147,A3154,HR,2024-08-01,Interviewer_24,4,4,1,3.0
I3148,A3155,HR,2024-04-26,Interviewer_19,2,3,4,3.0
I3149,A3156,Screening,2025-07-09,Interviewer_10,2,2,4,2.7
I3150,A3162,Screening,2024-05-24,Interviewer_9,3,3,1,2.3
I3151,A3163,Technical,2024-09-17,Interviewer_2,4,3,2,3.0
I3152,A3164,Technical,2025-01-06,Interviewer_26,4,1,2,2.3
I3153,A3166,HR,2025-01-14,Interviewer_26,3,3,2,2.7
I3154,A3167,Screening,2025-07-01,Interviewer_17,2,2,2,2.0
I3155,A3167,HR,2025-06-27,Interviewer_22,5,4,5,4.7
I3156,A3168,Screening,2024-03-22,Interviewer_10,3,3,1,2.3
I3157,A3173,HR,2025-01-29,Interviewer_9,5,5,1,3.7
I3158,A3173,Technical,2025-02-05,Interviewer_9,2,4,5,3.7
I3159,A3177,Screening,2025-06-24,Interviewer_21,3,3,5,3.7
I3160,A3182,HR,2024-08-30,Interviewer_17,4,4,1,3.0
I3161,A3182,Screening,2024-08-24,Interviewer_10,3,5,5,4.3
I3162,A3183,HR,2024-06-13,Interviewer_24,2,5,4,3.7
I3163,A3183,Screening,2024-06-16,Interviewer_27,5,5,3,4.3
I3164,A3183,Technical,2024-06-07,Interviewer_26,2,4,4,3.3
I3165,A3184,Technical,2024-09-20,Interviewer_10,1,4,5,3.3
I3166,A3188,HR,2025-04-06,Interviewer_7,2,4,3,3.0
I3167,A3188,Screening,2025-04-05,Interviewer_10,4,4,3,3.7
I3168,A3190,Technical,2024-09-25,Interviewer_15,3,5,3,3.7
I3169,A3192,HR,2025-02-07,Interviewer_23,3,5,3,3.7
I3170,A3192,Screening,2025-02-14,Interviewer_13,5,2,3,3.3
I3171,A3193,HR,2024-11-13,Interviewer_4,4,5,1,3.3
I3172,A3193,Technical,2024-11-08,Interviewer_4,4,5,1,3.3
I3173,A3193,Screening,2024-11-07,Interviewer_24,2,2,4,2.7
I3174,A3196,Screening,2024-08-17,Interviewer_19,3,5,4,4.0
I3175,A3201,Technical,2025-08-24,Interviewer_3,2,5,5,4.0
I3176,A3202,Screening,2025-08-24,Interviewer_25,3,2,3,2.7
I3177,A3202,HR,2025-08-24,Interviewer_29,3,2,3,2.7
I3178,A3204,Screening,2025-03-02,Interviewer_12,4,5,4,4.3
I3179,A3204,Technical,2025-03-01,Interviewer_19,4,5,3,4.0
I3180,A3212,HR,2025-06-26,Interviewer_7,5,4,4,4.3
I3181,A3213,HR,2024-09-13,Interviewer_21,3,3,1,2.3
I3182,A3213,Screening,2024-09-15,Interviewer_29,4,3,3,3.3
I3183,A3217,Technical,2025-06-30,Interviewer_9,1,1,5,2.3
I3184,A3217,Screening,2025-07-03,Interviewer_8,4,5,2,3.7
I3185,A3218,HR,2025-01-29,Interviewer_20,3,5,5,4.3
I3186,A3220,HR,2025-05-14,Interviewer_14,4,2,2,2.7
I3187,A3221,Technical,2025-03-03,Interviewer_9,4,5,4,4.3
I3188,A3222,Technical,2024-10-03,Interviewer_5,2,1,2,1.7
I3189,A3224,Screening,2025-04-26,Interviewer_21,2,4,4,3.3
I3190,A3231,Technical,2025-07-09,Interviewer_21,1,1,1,1.0
I3191,A3232,HR,2024-04-23,Interviewer_28,5,3,1,3.0
I3192,A3233,Technical,2024-04-17,Interviewer_5,4,3,1,2.7
I3193,A3236,HR,2024-02-24,Interviewer_30,4,2,2,2.7
I3194,A3237,Technical,2024-07-08,Interviewer_15,1,2,2,1.7
I3195,A3240,Screening,2024-12-01,Interviewer_15,3,5,3,3.7
I3196,A3242,Technical,2024-10-08,Interviewer_6,2,1,2,1.7
I3197,A3246,Technical,2025-06-07,Interviewer_24,4,2,3,3.0
I3198,A3247,HR,2024-03-21,Interviewer_16,4,5,4,4.3
I3199,A3247,Technical,2024-03-19,Interviewer_1,4,5,1,3.3
I3200,A3259,Technical,2025-01-19,Interviewer_5,4,4,4,4.0
I3201,A3260,HR,2025-03-16,Interviewer_17,4,2,2,2.7
I3202,A3263,Screening,2024-05-07,Interviewer_24,5,3,4,4.0
I3203,A3263,HR,2024-05-04,Interviewer_25,4,5,2,3.7
I3204,A3264,Screening,2024-05-21,Interviewer_18,3,4,5,4.0
I3205,A3268,HR,2025-08-25,Interviewer_26,3,5,3,3.7
I3206,A3268,Technical,2025-08-29,Interviewer_15,2,3,3,2.7
I3207,A3271,HR,2025-05-20,Interviewer_27,4,2,4,3.3
I3208,A3274,Screening,2024-10-23,Interviewer_2,2,3,2,2.3
I3209,A3276,Screening,2024-03-18,Interviewer_5,2,2,3,2.3
I3210,A3276,HR,2024-03-22,Interviewer_6,4,4,2,3.3
I3211,A3276,Technical,2024-03-25,Interviewer_19,1,3,1,1.7
I3212,A3282,Screening,2024-02-16,Interviewer_15,3,2,5,3.3
I3213,A3282,Technical,2024-02-23,Interviewer_2,4,3,1,2.7
I3214,A3283,Technical,2024-04-05,Interviewer_7,1,2,4,2.3
I3215,A3283,Screening,2024-04-03,Interviewer_1,2,2,4,2.7
I3216,A3284,Screening,2025-05-12,Interviewer_3,2,2,1,1.7
I3217,A3288,HR,2024-03-26,Interviewer_7,4,2,4,3.3
I3218,A3293,Screening,2024-09-26,Interviewer_28,4,5,5,4.7
I3219,A3293,HR,2024-09-30,Interviewer_6,2,5,3,3.3
I3220,A3294,Technical,2025-05-14,Interviewer_30,1,2,2,1.7
I3221,A3299,HR,2025-01-25,Interviewer_6,2,3,2,2.3
I3222,A3299,Screening,2025-01-28,Interviewer_11,3,3,3,3.0
I3223,A3300,Technical,2024-05-06,Interviewer_2,4,4,4,4.0
I3224,A3300,Screening,2024-05-02,Interviewer_15,4,3,5,4.0
I3225,A3308,Screening,2024-11-20,Interviewer_18,5,5,4,4.7
I3226,A3308,HR,2024-11-23,Interviewer_20,4,2,4,3.3
